#,Name,Type 1,Type 2,Total,HP,Attack,Defense,Sp. Atk,Sp. Def,Speed,Generation,Legendary,pokedex_number,Total_num,HP_num,Attack_num,Defense_num,Sp. Atk_num,Sp. Def_num,Speed_num,Generation_num,Attack_imputed,Legendary_clean
1,Bulbasaur,Grass,Poison,318,45,49,49,65,65,45,1,FALSE,1,318,45.0,49.0,49,65.0,65.0,45,1.0,49.0,False
2,Ivysaur,Grass,Poison,405,60,62,63,80,80,60,1,FALSE,2,405,60.0,62.0,63,80.0,80.0,60,1.0,62.0,False
3,Venusaur,Grass,Poison,525,80,82,83,100,100,80,1,FALSE,3,525,80.0,82.0,83,100.0,100.0,80,1.0,82.0,False
3,VenusaurMega Venusaur,Grass,Poison,625,80,100,123,122,120,80,1,FALSE,3,625,80.0,100.0,123,122.0,120.0,80,1.0,100.0,False
4,Charmander,Fire,,309,39,52,43,60,50,65,1,FALSE,4,309,39.0,52.0,43,60.0,50.0,65,1.0,52.0,False
5,Charmeleon,Fire,,405,58,64,58,80,65,80,1,FALSE,5,405,58.0,64.0,58,80.0,65.0,80,1.0,64.0,False
6,Charizard,Fire,Flying,534,78,84,78,109,85,100,1,FALSE,6,534,78.0,84.0,78,109.0,85.0,100,1.0,84.0,False
6,CharizardMega Charizard X,Fire,Dragon,634,78,130,111,130,85,100,1,FALSE,6,634,78.0,130.0,111,130.0,85.0,100,1.0,130.0,False
6,CharizardMega Charizard Y,Fire,Flying,634,78,104,78,159,115,100,1,FALSE,6,634,78.0,104.0,78,159.0,115.0,100,1.0,104.0,False
7,Squirtle,Water,,314,44,840,65,50,64,43,1,FALSE,7,314,44.0,,65,50.0,64.0,43,1.0,75.0,False
8,Wartortle,Water,,405,59,63,80,65,80,58,1,FALSE,8,405,59.0,63.0,80,65.0,80.0,58,1.0,63.0,False
9,Blastoise,Water,,530,79,83,100,85,105,78,1,FALSE,9,530,79.0,83.0,100,85.0,105.0,78,1.0,83.0,False
9,BlastoiseMega Blastoise,Water,,630,79,103,120,135,115,78,1,FALSE,9,630,79.0,103.0,120,135.0,115.0,78,1.0,103.0,False
10,Caterpie,Bug,,195,45,30,35,20,20,45,1,FALSE,10,195,45.0,30.0,35,20.0,20.0,45,1.0,30.0,False
11,Metapod,Bug,,205,50,20,55,25,25,30,1,FALSE,11,205,50.0,20.0,55,25.0,25.0,30,1.0,20.0,False
12,Butterfree,Bug,Flying,395,60,45,50,90,80,70,1,FALSE,12,395,60.0,45.0,50,90.0,80.0,70,1.0,45.0,False
13,Weedle,Bug,Poison,195,,35,30,20,20,50,1,FALSE,13,195,,35.0,30,20.0,20.0,50,1.0,35.0,False
14,Kakuna,Bug,Poison,205,45,25,50,25,25,35,1,FALSE,14,205,45.0,25.0,50,25.0,25.0,35,1.0,25.0,False
15,Beedrill,Bug,Poison,395,65,90,40,45,80,75,1,FALSE,15,395,65.0,90.0,40,45.0,80.0,75,1.0,90.0,False
15,BeedrillMega Beedrill,Bug,Poison,495,65,150,40,15,80,145,1,FALSE,15,495,65.0,150.0,40,15.0,80.0,145,1.0,150.0,False
17,Pidgeotto,Normal,Flying,349,63,60,55,50,50,71,1,FALSE,17,349,63.0,60.0,55,50.0,50.0,71,1.0,60.0,False
16,Pidgey,Normal,Flying,251,40,45,40,35,35,56,1,FALSE,16,251,40.0,45.0,40,35.0,35.0,56,1.0,45.0,False
18,Pidgeot,Normal,Flying,479,83,80,75,70,70,101,1,FALSE,18,479,83.0,80.0,75,70.0,70.0,101,1.0,80.0,False
18,PidgeotMega Pidgeot,Normal,Flying,579,83,80,80,135,80,121,1,FALSE,18,579,83.0,80.0,80,135.0,80.0,121,1.0,80.0,False
19,Rattata,Normal,,253,30,56,35,25,35,72,1,FALSE,19,253,30.0,56.0,35,25.0,35.0,72,1.0,56.0,False
20,Raticate,Normal,,413,55,81,60,50,70,97,1,FALSE,20,413,55.0,81.0,60,50.0,70.0,97,1.0,81.0,False
21,Spearow,Normal,Flying,262,40,60,30,31,31,70,1,FALSE,21,262,40.0,60.0,30,31.0,31.0,70,1.0,60.0,False
22,Fearow,Normal,Flying,442,65,90,65,61,61,100,1,FALSE,22,442,65.0,90.0,65,61.0,61.0,100,1.0,90.0,False
23,Ekans,Poison,,288,35,60,44,40,54,55,1,FALSE,23,288,35.0,60.0,44,40.0,54.0,55,1.0,60.0,False
24,Arbok,Poison,,438,60,85,69,65,79,80,1,FALSE,24,438,60.0,85.0,69,65.0,79.0,80,1.0,85.0,False
25,Pikachu,Electric,,320,35,55,40,50,50,90,0,FALSE,25,320,35.0,55.0,40,50.0,50.0,90,0.0,55.0,False
26,Raichu,Electric,,485,60,90,55,90,80,110,1,FALSE,26,485,60.0,90.0,55,90.0,80.0,110,1.0,90.0,False
27,Sandshrew,Ground,,300,50,75,85,20,30,40,1,FALSE,27,300,50.0,75.0,85,20.0,30.0,40,1.0,75.0,False
28,Sandslash,Ground,,450,75,100,110,45,55,65,1,FALSE,28,450,75.0,100.0,110,45.0,55.0,65,1.0,100.0,False
29,Nidoranâ,Poison,,275,55,47,52,40,40,41,1,FALSE,29,275,55.0,47.0,52,40.0,40.0,41,1.0,47.0,False
30,Nidorina,Poison,,365,70,62,67,55,55,56,1,FALSE,30,365,70.0,62.0,67,55.0,55.0,56,1.0,62.0,False
31,Nidoqueen,Poison,Ground,505,90,92,87,750,85,76,1,FALSE,31,505,90.0,92.0,87,750.0,85.0,76,1.0,92.0,False
32,Nidoranâ?Poison,,,46,57,40,40,40,50,1,FALSE,,32,46,57.0,40.0,40,40.0,50.0,1,,40.0,
33,Nidorino,Poison,,365,61,72,57,55,55,65,1,FALSE,33,365,61.0,72.0,57,55.0,55.0,65,1.0,72.0,False
34,Nidoking,Poison,Ground,505,81,102,77,85,75,85,1,FALSE,34,505,81.0,102.0,77,85.0,75.0,85,1.0,102.0,False
35,Clefairy,Fairy,,323,70,45,48,60,65,35,1,FALSE,35,323,70.0,45.0,48,60.0,65.0,35,1.0,45.0,False
36,Clefable,Fairy,,483,95,70,73,95,90,60,1,FALSE,36,483,95.0,70.0,73,95.0,90.0,60,1.0,70.0,False
37,Vulpix,Fire,,299,38,41,40,50,65,65,1,FALSE,37,299,38.0,41.0,40,50.0,65.0,65,1.0,41.0,False
38,Ninetales,Fire,,505,73,76,75,81,100,100,1,0,38,505,73.0,76.0,75,81.0,100.0,100,1.0,76.0,False
39,Jigglypuff,Normal,Fairy,270,115,45,20,45,25,20,1,FALSE,39,270,115.0,45.0,20,45.0,25.0,20,1.0,45.0,False
40,Wigglytuff,Normal,Fairy,435,140,70,45,85,50,45,1,FALSE,40,435,140.0,70.0,45,85.0,50.0,45,1.0,70.0,False
41,Zubat,Poison,Flying,845,40,45,35,30,40,55,1,FALSE,41,845,40.0,45.0,35,30.0,40.0,55,1.0,45.0,False
42,Golbat,Poison,Flying,455,75,80,70,65,75,90,1,FALSE,42,455,75.0,80.0,70,65.0,75.0,90,1.0,80.0,False
43,Oddish,Grass,Poison,320,45,50,55,75,65,30,1,FALSE,43,320,45.0,50.0,55,75.0,65.0,30,1.0,50.0,False
44,Gloom,Grass,Poison,395,60,65,70,85,75,40,1,FALSE,44,395,60.0,65.0,70,85.0,75.0,40,1.0,65.0,False
45,Vileplume,Grass,Poison,490,75,80,85,110,90,50,1,FALSE,45,490,75.0,80.0,85,110.0,90.0,50,1.0,80.0,False
46,Paras,Bug,Grass,285,35,70,55,45,55,25,1,FALSE,46,285,35.0,70.0,55,45.0,55.0,25,1.0,70.0,False
47,Parasect,Bug,Grass,405,60,95,80,60,80,30,1,FALSE,47,405,60.0,95.0,80,60.0,80.0,30,1.0,95.0,False
48,Venonat,Bug,Poison,305,60,55,50,40,55,45,1,FALSE,48,305,60.0,55.0,50,40.0,55.0,45,1.0,55.0,False
49,Venomoth,Bug,Poison,450,70,65,60,90,75,90,1,FALSE,49,450,70.0,65.0,60,90.0,75.0,90,1.0,65.0,False
50,Diglett,Ground,,265,10,55,25,35,45,95,1,FALSE,50,265,10.0,55.0,25,35.0,45.0,95,1.0,55.0,False
51,Dugtrio,Ground,,405,35,80,50,50,70,120,1,FALSE,51,405,35.0,80.0,50,50.0,70.0,120,1.0,80.0,False
52,Meowth,Normal,,290,40,45,35,40,40,90,1,FALSE,52,290,40.0,45.0,35,40.0,40.0,90,1.0,45.0,False
53,Persian,Normal,,440,65,70,60,65,65,115,1,FALSE,53,440,65.0,70.0,60,65.0,65.0,115,1.0,70.0,False
54,Psyduck,Water,,320,50,52,48,65,50,55,1,FALSE,54,320,50.0,52.0,48,65.0,50.0,55,1.0,52.0,False
55,Golduck,Water,,500,120,82,78,95,80,85,1,FALSE,55,500,120.0,82.0,78,95.0,80.0,85,1.0,82.0,False
56,Mankey,Fighting,,305,40,80,35,35,45,70,1,FALSE,56,305,40.0,80.0,35,35.0,45.0,70,1.0,80.0,False
57,Primeape,Fighting,,455,65,105,60,60,70,95,1,FALSE,57,455,65.0,105.0,60,60.0,70.0,95,1.0,105.0,False
58,Growlithe,Fire,,350,55,70,45,70,50,60,1,FALSE,58,350,55.0,70.0,45,70.0,50.0,60,1.0,70.0,False
59,Arcanine,Fire,,555,90,110,80,100,80,95,1,FALSE,59,555,90.0,110.0,80,100.0,80.0,95,1.0,110.0,False
60,Poliwag,Water,,300,40,50,40,40,40,90,1,FALSE,60,300,40.0,50.0,40,40.0,40.0,90,1.0,50.0,False
61,Poliwhirl,Water,,385,65,65,65,50,50,90,1,FALSE,61,385,65.0,65.0,65,50.0,50.0,90,1.0,65.0,False
62,Poliwrath,Water,Fighting,510,90,95,95,70,90,70,1,FALSE,62,510,90.0,95.0,95,70.0,90.0,70,1.0,95.0,False
63,Abra,Psychic,,310,25,20,15,105,55,90,1,FALSE,63,310,25.0,20.0,15,105.0,55.0,90,1.0,20.0,False
64,Kadabra,Psychic,,400,40,35,30,120,70,105,1,FALSE,64,400,40.0,35.0,30,120.0,70.0,105,1.0,35.0,False
65,Alakazam,Psychic,,500,55,50,45,135,95,120,1,FALSE,65,500,55.0,50.0,45,135.0,95.0,120,1.0,50.0,False
65,AlakazamMega Alakazam,Psychic,,590,55,50,65,175,95,150,1,FALSE,65,590,55.0,50.0,65,175.0,95.0,150,1.0,50.0,False
66,Machop,Fighting,,305,70,80,50,35,35,35,1,FALSE,66,305,70.0,80.0,50,35.0,35.0,35,1.0,80.0,False
67,Machoke,Fighting,,405,80,100,70,50,60,45,1,FALSE,67,405,80.0,100.0,70,50.0,60.0,45,1.0,100.0,False
68,Machamp,Fighting,,505,90,130,80,65,85,55,1,FALSE,68,505,90.0,130.0,80,65.0,85.0,55,1.0,130.0,False
69,Bellsprout,Grass,Poison,300,50,75,35,70,30,40,1,FALSE,69,300,50.0,75.0,35,70.0,30.0,40,1.0,75.0,False
70,Weepinbell,Grass,Poison,390,65,90,50,85,45,55,1,Poison,70,390,65.0,90.0,50,85.0,45.0,55,1.0,90.0,Poison
71,Victreebel,Grass,Poison,490,80,105,65,100,70,70,1,FALSE,71,490,80.0,105.0,65,100.0,70.0,70,1.0,105.0,False
72,Tentacool,Water,Poison,335,40,40,35,50,100,70,1,FALSE,72,335,40.0,40.0,35,50.0,100.0,70,1.0,40.0,False
73,Tentacruel,Water,Poison,515,80,70,65,80,120,100,1,FALSE,73,515,80.0,70.0,65,80.0,120.0,100,1.0,70.0,False
74,Geodude,Rock,Ground,300,40,80,100,30,30,20,1,FALSE,74,300,40.0,80.0,100,30.0,30.0,20,1.0,80.0,False
75,Graveler,Rock,Ground,390,55,95,115,45,45,35,1,FALSE,75,390,55.0,95.0,115,45.0,45.0,35,1.0,95.0,False
76,Golem,Rock,Ground,495,80,120,130,55,65,45,1,FALSE,76,495,80.0,120.0,130,55.0,65.0,45,1.0,120.0,False
77,Ponyta,Fire,,410,50,85,55,65,65,90,1,FALSE,77,410,50.0,85.0,55,65.0,65.0,90,1.0,85.0,False
78,Rapidash,Fire,,500,65,100,70,80,80,105,1,FALSE,78,500,65.0,100.0,70,80.0,80.0,105,1.0,100.0,False
79,Slowpoke,Water,Psychic,315,90,65,65,40,40,15,1,FALSE,79,315,90.0,65.0,65,40.0,40.0,15,1.0,65.0,False
80,Slowbro,Water,Psychic,490,95,75,110,100,80,30,1,FALSE,80,490,95.0,75.0,110,100.0,80.0,30,1.0,75.0,False
80,SlowbroMega Slowbro,Water,Psychic,590,95,75,180,130,80,30,1,FALSE,80,590,95.0,75.0,180,130.0,80.0,30,1.0,75.0,False
81,Magnemite,Electric,Steel,325,25,35,70,95,55,45,1,FALSE,81,325,25.0,35.0,70,95.0,55.0,45,1.0,35.0,False
82,Magneton,Electric,Steel,465,50,60,95,120,70,70,1,FALSE,82,465,50.0,60.0,95,120.0,70.0,70,1.0,60.0,False
83,Farfetch'd,Normal,Flying,352,52,65,55,58,62,60,1,FALSE,83,352,52.0,65.0,55,58.0,62.0,60,1.0,65.0,False
84,Doduo,Normal,Flying,310,35,85,45,35,35,75,1,FALSE,84,310,35.0,85.0,45,35.0,35.0,75,1.0,85.0,False
85,Dodrio,Normal,Flying,460,60,110,70,60,60,100,1,FALSE,85,460,60.0,110.0,70,60.0,60.0,100,1.0,110.0,False
86,Seel,Water,,325,65,45,55,45,70,45,1,FALSE,86,325,65.0,45.0,55,45.0,70.0,45,1.0,45.0,False
87,Dewgong,Water,Ice,475,90,70,80,70,95,70,1,FALSE,87,475,90.0,70.0,80,70.0,95.0,70,1.0,70.0,False
88,Grimer,Poison,,325,80,80,50,40,50,25,1,FALSE,88,325,80.0,80.0,50,40.0,50.0,25,1.0,80.0,False
89,Muk,Poison,,500,105,105,75,65,100,50,1,FALSE,89,500,105.0,105.0,75,65.0,100.0,50,1.0,105.0,False
90,Shellder,Water,,305,30,65,100,45,25,40,1,FALSE,90,305,30.0,65.0,100,45.0,25.0,40,1.0,65.0,False
91,Cloyster,Water,Ice,525,50,95,180,85,45,70,1,FALSE,91,525,50.0,95.0,180,85.0,45.0,70,1.0,95.0,False
92,Gastly,Ghost,Poison,310,30,35,30,100,35,80,1,FALSE,92,310,30.0,35.0,30,100.0,35.0,80,1.0,35.0,False
93,Haunter,Ghost,Poison,405,45,50,45,115,55,95,1,FALSE,93,405,45.0,50.0,45,115.0,55.0,95,1.0,50.0,False
94,Gengar,Ghost,Poison,500,60,65,60,130,75,110,1,FALSE,94,500,60.0,65.0,60,130.0,75.0,110,1.0,65.0,False
94,GengarMega Gengar,Ghost,Poison,600,60,65,80,170,95,130,1,FALSE,94,600,60.0,65.0,80,170.0,95.0,130,1.0,65.0,False
95,Onix,Rock,Ground,385,35,45,160,30,45,70,1,FALSE,95,385,35.0,45.0,160,30.0,45.0,70,1.0,45.0,False
96,Drowzee,Psychic,,328,60,48,45,43,90,42,1,FALSE,96,328,60.0,48.0,45,43.0,90.0,42,1.0,48.0,False
97,Hypno,Psychic,,483,85,73,70,73,115,67,1,FALSE,97,483,85.0,73.0,70,73.0,115.0,67,1.0,73.0,False
98,Krabby,Water,,325,30,105,90,25,25,50,1,FALSE,98,325,30.0,105.0,90,25.0,25.0,50,1.0,105.0,False
99,Kingler,Water,,475,55,130,115,50,50,75,1,FALSE,99,475,55.0,130.0,115,50.0,50.0,75,1.0,130.0,False
100,Voltorb,Electric,,330,40,30,50,55,55,100,1,FALSE,100,330,40.0,30.0,50,55.0,55.0,100,1.0,30.0,False
101,Electrode,Electric,,480,60,50,70,80,80,140,1,FALSE,101,480,60.0,50.0,70,80.0,80.0,140,1.0,50.0,False
102,Exeggcute,Grass,Psychic,325,60,40,80,60,45,40,1,FALSE,102,325,60.0,40.0,80,60.0,45.0,40,1.0,40.0,False
103,Exeggutor,Grass,Psychic,520,95,95,85,125,65,55,1,FALSE,103,520,95.0,95.0,85,125.0,65.0,55,1.0,95.0,False
104,Cubone,Ground,,320,50,50,95,40,50,35,1,FALSE,104,320,50.0,50.0,95,40.0,50.0,35,1.0,50.0,False
105,Marowak,Ground,,425,60,80,110,50,80,45,1,Ground,105,425,60.0,80.0,110,50.0,80.0,45,1.0,80.0,Ground
106,Hitmonlee,Fighting,,455,50,120,53,35,110,87,1,FALSE,106,455,50.0,120.0,53,35.0,110.0,87,1.0,120.0,False
107,Hitmonchan,Fighting,,455,50,105,79,35,110,76,1,FALSE,107,455,50.0,105.0,79,35.0,110.0,76,1.0,105.0,False
108,Lickitung,Normal,,385,90,55,75,60,75,30,1,FALSE,108,385,90.0,55.0,75,60.0,75.0,30,1.0,55.0,False
109,Koffing,Poison,,340,40,65,95,60,45,35,1,FALSE,109,340,40.0,65.0,95,60.0,45.0,35,1.0,65.0,False
110,Weezing,Poison,,490,65,90,120,85,70,60,1,FALSE,110,490,65.0,90.0,120,85.0,70.0,60,1.0,90.0,False
111,Rhyhorn,Ground,Rock,345,80,85,95,30,30,25,1,FALSE,111,345,80.0,85.0,95,30.0,30.0,25,1.0,85.0,False
112,Rhydon,Ground,Rock,485,105,130,120,45,45,40,1,FALSE,112,485,105.0,130.0,120,45.0,45.0,40,1.0,130.0,False
113,Chansey,Normal,,450,250,5,5,35,105,50,1,FALSE,113,450,250.0,5.0,5,35.0,105.0,50,1.0,5.0,False
114,Tangela,Grass,,435,65,55,115,100,40,60,1,FALSE,114,435,65.0,55.0,115,100.0,40.0,60,1.0,55.0,False
115,Kangaskhan,Normal,,490,105,95,80,40,80,90,1,FALSE,115,490,105.0,95.0,80,40.0,80.0,90,1.0,95.0,False
115,KangaskhanMega Kangaskhan,Normal,,590,105,125,100,60,100,100,1,FALSE,115,590,105.0,125.0,100,60.0,100.0,100,1.0,125.0,False
116,Horsea,Water,,295,30,40,70,70,25,60,1,FALSE,116,295,30.0,40.0,70,70.0,25.0,60,1.0,40.0,False
117,Seadra,Water,,440,55,65,95,95,45,85,1,FALSE,117,440,55.0,65.0,95,95.0,45.0,85,1.0,65.0,False
118,Goldeen,Water,,320,45,67,60,35,50,63,1,FALSE,118,320,45.0,67.0,60,35.0,50.0,63,1.0,67.0,False
119,Seaking,Water,,450,80,92,65,65,80,68,1,0,119,450,80.0,92.0,65,65.0,80.0,68,1.0,92.0,False
120,Staryu,Water,,340,30,45,55,70,55,85,1,FALSE,120,340,30.0,45.0,55,70.0,55.0,85,1.0,45.0,False
121,Starmie,Water,Psychic,520,60,75,85,100,85,115,1,FALSE,121,520,60.0,75.0,85,100.0,85.0,115,1.0,75.0,False
122,Mr. Mime,Psychic,Fairy,460,40,45,65,100,120,90,1,FALSE,122,460,40.0,45.0,65,100.0,120.0,90,1.0,45.0,False
123,Scyther,Bug,Flying,500,70,110,80,55,80,105,1,FALSE,123,500,70.0,110.0,80,55.0,80.0,105,1.0,110.0,False
124,Jynx,Ice,Psychic,455,65,50,35,115,95,95,1,FALSE,124,455,65.0,50.0,35,115.0,95.0,95,1.0,50.0,False
125,Electabuzz,Electric,,490,65,83,57,95,85,105,1,FALSE,125,490,65.0,83.0,57,95.0,85.0,105,1.0,83.0,False
126,Magmar,Fire,,495,65,95,57,100,85,93,1,FALSE,126,495,65.0,95.0,57,100.0,85.0,93,1.0,95.0,False
127,Pinsir,Bug,,500,65,125,100,55,70,85,1,FALSE,127,500,65.0,125.0,100,55.0,70.0,85,1.0,125.0,False
127,PinsirMega Pinsir,Bug,Flying,600,65,155,120,65,90,105,1,FALSE,127,600,65.0,155.0,120,65.0,90.0,105,1.0,155.0,False
128,Tauros,Normal,,490,75,1000,95,40,70,110,1,FALSE,128,490,75.0,,95,40.0,70.0,110,1.0,75.0,False
129,Magikarp,Water,,200,20,10,55,15,20,80,1,FALSE,129,200,20.0,10.0,55,15.0,20.0,80,1.0,10.0,False
130,Gyarados,Water,Flying,540,95,125,79,60,100,81,1,FALSE,130,540,95.0,125.0,79,60.0,100.0,81,1.0,125.0,False
130,GyaradosMega Gyarados,Water,Dark,640,95,155,109,70,130,81,1,FALSE,130,640,95.0,155.0,109,70.0,130.0,81,1.0,155.0,False
131,Lapras,Water,Ice,535,130,8.50E+01,80,85,95,60,1,FALSE,131,535,130.0,85.0,80,85.0,95.0,60,1.0,85.0,False
132,Ditto,Normal,,288,48,48,48,48,48,48,1,FALSE,132,288,48.0,48.0,48,48.0,48.0,48,1.0,48.0,False
133,Eevee,Normal,,325,55,55,50,45,65,55,1,FALSE,133,325,55.0,55.0,50,45.0,65.0,55,1.0,55.0,False
134,Vaporeon,Water,,525,130,65,60,110,95,65,1,FALSE,134,525,130.0,65.0,60,110.0,95.0,65,1.0,65.0,False
135,Jolteon,Electric,,525,65,65,60,110,95,130,1,FALSE,135,525,65.0,65.0,60,110.0,95.0,130,1.0,65.0,False
136,Flareon,Fire,,525,65,130,60,95,110,65,1,FALSE,136,525,65.0,130.0,60,95.0,110.0,65,1.0,130.0,False
137,Porygon,Normal,,395,65,60,70,85,75,40,1,FALSE,137,395,65.0,60.0,70,85.0,75.0,40,1.0,60.0,False
138,Omanyte,Rock,Water,355,35,40,100,90,55,35,1,FALSE,138,355,35.0,40.0,100,90.0,55.0,35,1.0,40.0,False
139,Omastar,Rock,Water,495,70,60,125,115,70,55,1,FALSE,139,495,70.0,60.0,125,115.0,70.0,55,1.0,60.0,False
140,Kabuto,Rock,Water,355,30,80,90,55,45,55,1,FALSE,140,355,30.0,80.0,90,55.0,45.0,55,1.0,80.0,False
141,Kabutops,Rock,Water,495,60,115,105,65,70,80,1,FALSE,141,495,60.0,115.0,105,65.0,70.0,80,1.0,115.0,False
142,Aerodactyl,Rock,Flying,515,80,105,65,60,75,130,1,FALSE,142,515,80.0,105.0,65,60.0,75.0,130,1.0,105.0,False
142,AerodactylMega Aerodactyl,Rock,Flying,615,80,135,85,70,95,150,1,FALSE,142,615,80.0,135.0,85,70.0,95.0,150,1.0,135.0,False
143,Snorlax,Normal,,540,160,110,65,65,110,30,1,FALSE,143,540,160.0,110.0,65,65.0,110.0,30,1.0,110.0,False
144,Articuno,Ice,Flying,580,90,85,100,95,125,85,1,TRUE,144,580,90.0,85.0,100,95.0,125.0,85,1.0,85.0,True
145,Zapdos,Electric,Flying,580,90,90,85,125,90,100,1,TRUE,145,580,90.0,90.0,85,125.0,90.0,100,1.0,90.0,True
146,Moltres,Fire,Flying,580,90,100,90,125,85,90,1,TRUE,146,580,90.0,100.0,90,125.0,85.0,90,1.0,100.0,True
147,Dratini,Dragon,,300,41,64,45,50,50,50,1,FALSE,147,300,41.0,64.0,45,50.0,50.0,50,1.0,64.0,False
148,Dragonair,Dragon,,420,61,84,65,70,70,70,1,FALSE,148,420,61.0,84.0,65,70.0,70.0,70,1.0,84.0,False
149,Dragonite,Dragon,Flying,600,91,134,95,100,100,80,1,FALSE,149,600,91.0,134.0,95,100.0,100.0,80,1.0,134.0,False
150,Mewtwo,Psychic,,680,106,1.10E+02,90,154,90,130,1,TRUE,150,680,106.0,110.0,90,154.0,90.0,130,1.0,110.0,True
150,MewtwoMega Mewtwo X,Psychic,Fighting,780,106,190,100,154,100,130,1,TRUE,150,780,106.0,190.0,100,154.0,100.0,130,1.0,190.0,True
150,MewtwoMega Mewtwo Y,Psychic,,780,106,150,70,194,120,140,1,TRUE,150,780,106.0,150.0,70,194.0,120.0,140,1.0,150.0,True
151,Mew,Psychic,,600,100,100,100,100,100,100,1,FALSE,151,600,100.0,100.0,100,100.0,100.0,100,1.0,100.0,False
152,Chikorita,Grass,,318,45,49,65,49,65,45,2,FALSE,152,318,45.0,49.0,65,49.0,65.0,45,2.0,49.0,False
153,Bayleef,Grass,,405,60,62,80,63,80,60,2,FALSE,153,405,60.0,62.0,80,63.0,80.0,60,2.0,62.0,False
154,Meganium,Grass,,525,80,82,100,83,100,80,2,FALSE,154,525,80.0,82.0,100,83.0,100.0,80,2.0,82.0,False
155,Cyndaquil,Fire,,309,39,52,43,60,50,65,2,FALSE,155,309,39.0,52.0,43,60.0,50.0,65,2.0,52.0,False
156,Quilava,Fire,,405,58,64,58,80,65,80,2,FALSE,156,405,58.0,64.0,58,80.0,65.0,80,2.0,64.0,False
157,Typhlosion,Fire,,534,78,84,78,109,85,100,2,FALSE,157,534,78.0,84.0,78,109.0,85.0,100,2.0,84.0,False
158,Totodile,Water,,314,50,65,64,44,48,43,2,FALSE,158,314,50.0,65.0,64,44.0,48.0,43,2.0,65.0,False
159,Croconaw,Water,,405,65,80,80,59,63,58,2,FALSE,159,405,65.0,80.0,80,59.0,63.0,58,2.0,80.0,False
160,Feraligatr,Water,,530,85,105,100,79,83,78,2,FALSE,160,530,85.0,105.0,100,79.0,83.0,78,2.0,105.0,False
161,Sentret,Normal,,215,35,46,34,35,45,20,2,FALSE,161,215,35.0,46.0,34,35.0,45.0,20,2.0,46.0,False
162,Furret,Normal,,415,85,76,64,45,55,90,2,FALSE,162,415,85.0,76.0,64,45.0,55.0,90,2.0,76.0,False
163,Hoothoot,Normal,Flying,262,60,30,30,36,56,50,2,FALSE,163,262,60.0,30.0,30,36.0,56.0,50,2.0,30.0,False
164,Noctowl,Normal,Flying,442,100,50,50,76,96,70,2,FALSE,164,442,100.0,50.0,50,76.0,96.0,70,2.0,50.0,False
165,Ledyba,Bug,Flying,265,40,20,30,40,80,55,2,FALSE,165,265,40.0,20.0,30,40.0,80.0,55,2.0,20.0,False
166,Ledian,Bug,Flying,390,55,35,50,55,110,85,2,FALSE,166,390,55.0,35.0,50,55.0,110.0,85,2.0,35.0,False
167,Spinarak,Bug,Poison,250,40,60,40,40,40,30,2,FALSE,167,250,40.0,60.0,40,40.0,40.0,30,2.0,60.0,False
168,Ariados,Bug,Poison,390,70,90,70,60,60,40,2,FALSE,168,390,70.0,90.0,70,60.0,60.0,40,2.0,90.0,False
169,Crobat,Poison,Flying,535,85,90,80,70,80,130,2,FALSE,169,535,85.0,90.0,80,70.0,80.0,130,2.0,90.0,False
170,Chinchou,Water,Electric,330,75,3.80E+01,38,56,56,67,2,FALSE,170,330,75.0,38.0,38,56.0,56.0,67,2.0,38.0,False
171,Lanturn,Water,Electric,460,125,58,58,76,76,67,2,FALSE,171,460,125.0,58.0,58,76.0,76.0,67,2.0,58.0,False
172,Pichu,Electric,,205,20,40,15,35,35,60,2,FALSE,172,205,20.0,40.0,15,35.0,35.0,60,2.0,40.0,False
173,Cleffa,Fairy,,218,50,25,28,45,55,15,2,FALSE,173,218,50.0,25.0,28,45.0,55.0,15,2.0,25.0,False
174,Igglybuff,Normal,Fairy,210,90,30,15,40,20,15,2,FALSE,174,210,90.0,30.0,15,40.0,20.0,15,2.0,30.0,False
175,Togepi,Fairy,,245,35,20,65,40,65,20,2,FALSE,175,245,35.0,20.0,65,40.0,65.0,20,2.0,20.0,False
176,Togetic,Fairy,Flying,405,55,40,85,80,105,40,2,FALSE,176,405,55.0,40.0,85,80.0,105.0,40,2.0,40.0,False
177,Natu,Psychic,Flying,320,40,50,45,70,45,70,2,FALSE,177,320,40.0,50.0,45,70.0,45.0,70,2.0,50.0,False
178,Xatu,Psychic,Flying,470,65,75,70,95,70,95,2,FALSE,178,470,65.0,75.0,70,95.0,70.0,95,2.0,75.0,False
179,Mareep,Electric,,280,55,40,40,65,45,35,2,FALSE,179,280,55.0,40.0,40,65.0,45.0,35,2.0,40.0,False
180,Flaaffy,Electric,,365,70,55,55,80,60,45,2,FALSE,180,365,70.0,55.0,55,80.0,60.0,45,2.0,55.0,False
181,Ampharos,Electric,,510,90,75,85,115,90,55,2,FALSE,181,510,90.0,75.0,85,115.0,90.0,55,2.0,75.0,False
181,AmpharosMega Ampharos,Electric,Dragon,610,90,95,105,165,110,45,2,FALSE,181,610,90.0,95.0,105,165.0,110.0,45,2.0,95.0,False
182,Bellossom,Grass,,490,75,80,95,90,100,50,2,FALSE,182,490,75.0,80.0,95,90.0,100.0,50,2.0,80.0,False
183,Marill,Water,Fairy,250,70,20,50,20,50,40,2,FALSE,183,250,70.0,20.0,50,20.0,50.0,40,2.0,20.0,False
184,Azumarill,Water,Fairy,420,100,50,80,60,80,50,2,FALSE,184,420,100.0,50.0,80,60.0,80.0,50,2.0,50.0,False
185,Sudowoodo,Rock,,410,70,100,115,30,65,30,2,FALSE,185,410,70.0,100.0,115,30.0,65.0,30,2.0,100.0,False
186,Politoed,Water,,500,90,75,75,90,100,70,2,FALSE,186,500,90.0,75.0,75,90.0,100.0,70,2.0,75.0,False
187,Hoppip,Grass,Flying,250,35,35,40,35,55,50,2,FALSE,187,250,35.0,35.0,40,35.0,55.0,50,2.0,35.0,False
188,Skiploom,Grass,Flying,340,55,45,50,45,65,80,2,FALSE,188,340,55.0,45.0,50,45.0,65.0,80,2.0,45.0,False
189,Jumpluff,Grass,Flying,460,75,55,70,55,95,110,2,FALSE,189,460,75.0,55.0,70,55.0,95.0,110,2.0,55.0,False
190,Aipom,Normal,,360,55,70,55,40,55,85,2,FALSE,190,360,55.0,70.0,55,40.0,55.0,85,2.0,70.0,False
191,Sunkern,Grass,,180,30,30,30,30,30,30,2,FALSE,191,180,30.0,30.0,30,30.0,30.0,30,2.0,30.0,False
192,Sunflora,Grass,,425,75,75,55,105,85,30,2,FALSE,192,425,75.0,75.0,55,105.0,85.0,30,2.0,75.0,False
193,Yanma,Bug,Flying,390,65,65,45,75,45,95,2,FALSE,193,390,65.0,65.0,45,75.0,45.0,95,2.0,65.0,False
194,Wooper,Water,Ground,210,55,45,45,25,25,15,2,FALSE,194,210,55.0,45.0,45,25.0,25.0,15,2.0,45.0,False
195,Quagsire,Water,Ground,430,95,85,85,65,65,35,2,FALSE,195,430,95.0,85.0,85,65.0,65.0,35,2.0,85.0,False
196,Espeon,Psychic,,525,65,6.50E+01,60,130,95,110,2,FALSE,196,525,65.0,65.0,60,130.0,95.0,110,2.0,65.0,False
197,Umbreon,Dark,,525,95,65,110,60,130,65,2,FALSE,197,525,95.0,65.0,110,60.0,130.0,65,2.0,65.0,False
198,Murkrow,Dark,Flying,405,60,85,42,85,42,91,2,FALSE,198,405,60.0,85.0,42,85.0,42.0,91,2.0,85.0,False
199,Slowking,Water,Psychic,490,95,75,80,100,110,30,2,FALSE,199,490,95.0,75.0,80,100.0,110.0,30,2.0,75.0,False
200,Misdreavus,Ghost,,435,60,60,60,85,85,85,2,FALSE,200,435,60.0,60.0,60,85.0,85.0,85,2.0,60.0,False
201,Unown,Psychic,,336,48,72,48,72,48,48,2,FALSE,201,336,48.0,72.0,48,72.0,48.0,48,2.0,72.0,False
202,Wobbuffet,Psychic,,405,190,33,58,33,58,33,2,FALSE,202,405,190.0,33.0,58,33.0,58.0,33,2.0,33.0,False
203,Girafarig,Normal,Psychic,455,70,80,65,90,65,85,2,FALSE,203,455,70.0,80.0,65,90.0,65.0,85,2.0,80.0,False
204,Pineco,Bug,,290,50,65,90,35,35,15,2,FALSE,204,290,50.0,65.0,90,35.0,35.0,15,2.0,65.0,False
205,Forretress,Bug,Steel,465,75,90,140,60,60,40,2,FALSE,205,465,75.0,90.0,140,60.0,60.0,40,2.0,90.0,False
206,Dunsparce,Normal,,415,100,70,70,65,65,45,2,FALSE,206,415,100.0,70.0,70,65.0,65.0,45,2.0,70.0,False
207,Gligar,Ground,Flying,430,65,75,105,35,65,85,2,FALSE,207,430,65.0,75.0,105,35.0,65.0,85,2.0,75.0,False
208,Steelix,Steel,Ground,510,75,85,200,55,65,30,2,FALSE,208,510,75.0,85.0,200,55.0,65.0,30,2.0,85.0,False
208,SteelixMega Steelix,Steel,Ground,610,75,125,230,55,95,30,2,FALSE,208,610,75.0,125.0,230,55.0,95.0,30,2.0,125.0,False
209,Snubbull,Fairy,,300,60,80,50,40,40,30,2,FALSE,209,300,60.0,80.0,50,40.0,40.0,30,2.0,80.0,False
210,Granbull,Fairy,,450,90,120,75,60,60,45,2,FALSE,210,450,90.0,120.0,75,60.0,60.0,45,2.0,120.0,False
211,Qwilfish,Water,Poison,430,65,95,75,55,55,85,2,FALSE,211,430,65.0,95.0,75,55.0,55.0,85,2.0,95.0,False
212,Scizor,Bug,Steel,500,70,130,100,55,80,65,2,FALSE,212,500,70.0,130.0,100,55.0,80.0,65,2.0,130.0,False
212,ScizorMega Scizor,Bug,Steel,600,70,150,140,65,100,75,2,FALSE,212,600,70.0,150.0,140,65.0,100.0,75,2.0,150.0,False
213,Shuckle,Bug,Rock,505,20,10,230,10,230,5,2,FALSE,213,505,20.0,10.0,230,10.0,230.0,5,2.0,10.0,False
214,Heracross,Bug,Fighting,500,80,125,75,40,95,85,2,FALSE,214,500,80.0,125.0,75,40.0,95.0,85,2.0,125.0,False
214,HeracrossMega Heracross,Bug,Fighting,600,80,185,115,40,105,75,2,FALSE,214,600,80.0,185.0,115,40.0,105.0,75,2.0,185.0,False
215,Sneasel,Dark,Ice,430,55,95,55,35,75,115,2,FALSE,215,430,55.0,95.0,55,35.0,75.0,115,2.0,95.0,False
216,Teddiursa,Normal,,330,60,80,50,50,50,40,2,FALSE,216,330,60.0,80.0,50,50.0,50.0,40,2.0,80.0,False
217,Ursaring,Normal,,500,90,130,75,75,75,55,2,FALSE,217,500,90.0,130.0,75,75.0,75.0,55,2.0,130.0,False
218,Slugma,Fire,,250,40,40,40,70,40,20,2,FALSE,218,250,40.0,40.0,40,70.0,40.0,20,2.0,40.0,False
219,Magcargo,Fire,Rock,410,50,50,120,80,80,30,2,FALSE,219,410,50.0,50.0,120,80.0,80.0,30,2.0,50.0,False
220,Swinub,Ice,Ground,250,50,50,40,30,30,50,2,FALSE,220,250,50.0,50.0,40,30.0,30.0,50,2.0,50.0,False
221,Piloswine,Ice,Ground,450,100,100,80,60,60,50,2,FALSE,221,450,100.0,100.0,80,60.0,60.0,50,2.0,100.0,False
222,Corsola,Water,Rock,380,55,55,85,65,85,35,2,FALSE,222,380,55.0,55.0,85,65.0,85.0,35,2.0,55.0,False
223,Remoraid,Water,,300,35,65,35,65,35,65,2,FALSE,223,300,35.0,65.0,35,65.0,35.0,65,2.0,65.0,False
224,Octillery,Water,,480,75,105,75,105,75,45,2,FALSE,224,480,75.0,105.0,75,105.0,75.0,45,2.0,105.0,False
225,Delibird,Ice,Flying,330,45,55,45,65,45,75,2,FALSE,225,330,45.0,55.0,45,65.0,45.0,75,2.0,55.0,False
226,Mantine,Water,Flying,465,65,40,70,80,140,70,2,FALSE,226,465,65.0,40.0,70,80.0,140.0,70,2.0,40.0,False
227,Skarmory,Steel,Flying,465,65,80,140,40,70,70,2,FALSE,227,465,65.0,80.0,140,40.0,70.0,70,2.0,80.0,False
228,Houndour,Dark,Fire,330,45,60,30,80,50,65,2,FALSE,228,330,45.0,60.0,30,80.0,50.0,65,2.0,60.0,False
229,Houndoom,Dark,Fire,500,75,90,50,110,80,95,2,FALSE,229,500,75.0,90.0,50,110.0,80.0,95,2.0,90.0,False
229,HoundoomMega Houndoom,Dark,Fire,600,75,90,90,140,90,115,2,FALSE,229,600,75.0,90.0,90,140.0,90.0,115,2.0,90.0,False
230,Kingdra,Water,Dragon,540,75,95,95,95,95,85,2,FALSE,230,540,75.0,95.0,95,95.0,95.0,85,2.0,95.0,False
231,Phanpy,Ground,,330,90,60,60,40,40,40,2,FALSE,231,330,90.0,60.0,60,40.0,40.0,40,2.0,60.0,False
232,Donphan,Ground,,500,90,120,120,60,60,50,2,FALSE,232,500,90.0,120.0,120,60.0,60.0,50,2.0,120.0,False
233,Porygon2,Normal,,515,85,80,90,105,95,60,2,FALSE,233,515,85.0,80.0,90,105.0,95.0,60,2.0,80.0,False
234,Stantler,Normal,,465,73,95,62,85,65,85,2,FALSE,234,465,73.0,95.0,62,85.0,65.0,85,2.0,95.0,False
235,Smeargle,Normal,,250,55,20,35,20,45,75,2,FALSE,235,250,55.0,20.0,35,20.0,45.0,75,2.0,20.0,False
236,Tyrogue,Fighting,,210,35,35,35,35,35,35,2,FALSE,236,210,35.0,35.0,35,35.0,35.0,35,2.0,35.0,False
237,Hitmontop,Fighting,,455,50,95,95,35,110,70,2,FALSE,237,455,50.0,95.0,95,35.0,110.0,70,2.0,95.0,False
238,Smoochum,Ice,Psychic,305,45,30,15,85,65,65,2,FALSE,238,305,45.0,30.0,15,85.0,65.0,65,2.0,30.0,False
239,Elekid,Electric,,360,45,63,37,65,55,95,2,FALSE,239,360,45.0,63.0,37,65.0,55.0,95,2.0,63.0,False
240,Magby,Fire,,365,45,75,37,70,55,83,2,FALSE,240,365,45.0,75.0,37,70.0,55.0,83,2.0,75.0,False
241,Miltank,Normal,,490,95,80,105,40,70,100,2,FALSE,241,490,95.0,80.0,105,40.0,70.0,100,2.0,80.0,False
242,Blissey,Normal,,540,255,10,10,75,135,55,2,FALSE,242,540,255.0,10.0,10,75.0,135.0,55,2.0,10.0,False
243,Raikou,Electric,,580,90,85,75,115,100,115,2,TRUE,243,580,90.0,85.0,75,115.0,100.0,115,2.0,85.0,True
244,Entei,Fire,,580,115,115,85,90,75,100,2,TRUE,244,580,115.0,115.0,85,90.0,75.0,100,2.0,115.0,True
245,Suicune,Water,,580,100,75,115,90,115,85,2,TRUE,245,580,100.0,75.0,115,90.0,115.0,85,2.0,75.0,True
246,Larvitar,Rock,Ground,300,50,64,50,45,50,41,2,FALSE,246,300,50.0,64.0,50,45.0,50.0,41,2.0,64.0,False
247,Pupitar,Rock,Ground,410,70,84,70,65,70,51,2,FALSE,247,410,70.0,84.0,70,65.0,70.0,51,2.0,84.0,False
248,Tyranitar,Rock,Dark,600,100,134,110,95,100,61,2,FALSE,248,600,100.0,134.0,110,95.0,100.0,61,2.0,134.0,False
248,TyranitarMega Tyranitar,Rock,Dark,700,100,164,150,95,120,71,2,FALSE,248,700,100.0,164.0,150,95.0,120.0,71,2.0,164.0,False
249,Lugia,Psychic,Flying,680,106,90,130,90,154,110,2,TRUE,249,680,106.0,90.0,130,90.0,154.0,110,2.0,90.0,True
250,Ho-oh,Fire,Flying,680,106,130,90,110,154,90,2,TRUE,250,680,106.0,130.0,90,110.0,154.0,90,2.0,130.0,True
251,Celebi,Psychic,Grass,600,100,100,100,100,100,100,2,FALSE,251,600,100.0,100.0,100,100.0,100.0,100,2.0,100.0,False
252,Treecko,Grass,,310,40,45,35,65,55,70,3,FALSE,252,310,40.0,45.0,35,65.0,55.0,70,3.0,45.0,False
253,Grovyle,Grass,,405,50,65,45,85,65,95,3,FALSE,253,405,50.0,65.0,45,85.0,65.0,95,3.0,65.0,False
254,Sceptile,Grass,,530,70,85,65,105,85,120,3,FALSE,254,530,70.0,85.0,65,105.0,85.0,120,3.0,85.0,False
254,SceptileMega Sceptile,Grass,Dragon,630,70,110,75,145,85,145,3,FALSE,254,630,70.0,110.0,75,145.0,85.0,145,3.0,110.0,False
255,Torchic,Fire,,310,45,60,40,70,50,45,3,FALSE,255,310,45.0,60.0,40,70.0,50.0,45,3.0,60.0,False
256,Combusken,Fire,Fighting,405,60,85,60,85,60,55,3,FALSE,256,405,60.0,85.0,60,85.0,60.0,55,3.0,85.0,False
257,Blaziken,Fire,Fighting,530,80,120,70,110,70,80,3,FALSE,257,530,80.0,120.0,70,110.0,70.0,80,3.0,120.0,False
257,BlazikenMega Blaziken,Fire,Fighting,630,80,160,80,130,80,100,3,FALSE,257,630,80.0,160.0,80,130.0,80.0,100,3.0,160.0,False
258,Mudkip,Water,,310,50,70,50,50,50,40,3,FALSE,258,310,50.0,70.0,50,50.0,50.0,40,3.0,70.0,False
259,Marshtomp,Water,Ground,405,70,85,70,60,70,50,3,FALSE,259,405,70.0,85.0,70,60.0,70.0,50,3.0,85.0,False
260,Swampert,Water,Ground,535,100,110,90,85,90,60,3,FALSE,260,535,100.0,110.0,90,85.0,90.0,60,3.0,110.0,False
260,SwampertMega Swampert,Water,Ground,635,100,150,110,95,110,70,3,FALSE,260,635,100.0,150.0,110,95.0,110.0,70,3.0,150.0,False
261,Poochyena,Dark,,220,35,55,35,30,30,35,3,FALSE,261,220,35.0,55.0,35,30.0,30.0,35,3.0,55.0,False
262,Mightyena,Dark,,420,70,90,70,60,60,70,3,FALSE,262,420,70.0,90.0,70,60.0,60.0,70,3.0,90.0,False
263,Zigzagoon,Normal,,240,38,30,41,30,41,60,3,FALSE,263,240,38.0,30.0,41,30.0,41.0,60,3.0,30.0,False
264,Linoone,Normal,,420,78,70,61,50,61,100,3,FALSE,264,420,78.0,70.0,61,50.0,61.0,100,3.0,70.0,False
265,Wurmple,Bug,,195,45,45,35,20,30,20,3,FALSE,265,195,45.0,45.0,35,20.0,30.0,20,3.0,45.0,False
266,Silcoon,Bug,,205,50,35,55,25,25,15,3,FALSE,266,205,50.0,35.0,55,25.0,25.0,15,3.0,35.0,False
267,Beautifly,Bug,Flying,395,60,70,50,100,50,65,3,FALSE,267,395,60.0,70.0,50,100.0,50.0,65,3.0,70.0,False
268,Cascoon,Bug,,205,50,35,55,25,25,15,3,FALSE,268,205,50.0,35.0,55,25.0,25.0,15,3.0,35.0,False
269,Dustox,Bug,Poison,385,60,50,70,50,90,65,3,FALSE,269,385,60.0,50.0,70,50.0,90.0,65,3.0,50.0,False
270,Lotad,Water,Grass,220,40,30,30,40,50,30,3,FALSE,270,220,40.0,30.0,30,40.0,50.0,30,3.0,30.0,False
271,Lombre,Water,Grass,340,60,50,50,60,70,50,3,FALSE,271,340,60.0,50.0,50,60.0,70.0,50,3.0,50.0,False
272,Ludicolo,Water,Grass,480,80,70,70,90,100,70,3,FALSE,272,480,80.0,70.0,70,90.0,100.0,70,3.0,70.0,False
273,Seedot,Grass,,220,40,40,50,30,30,30,3,FALSE,273,220,40.0,40.0,50,30.0,30.0,30,3.0,40.0,False
274,Nuzleaf,Grass,Dark,340,70,70,40,60,40,60,3,FALSE,274,340,70.0,70.0,40,60.0,40.0,60,3.0,70.0,False
275,Shiftry,Grass,Dark,480,90,100,60,90,60,80,3,FALSE,275,480,90.0,100.0,60,90.0,60.0,80,3.0,100.0,False
276,Taillow,Normal,Flying,270,40,55,30,30,30,85,3,FALSE,276,270,40.0,55.0,30,30.0,30.0,85,3.0,55.0,False
277,Swellow,Normal,Flying,430,60,85,60,50,50,125,3,FALSE,277,430,60.0,85.0,60,50.0,50.0,125,3.0,85.0,False
278,Wingull,Water,Flying,270,40,30,30,55,30,85,3,FALSE,278,270,40.0,30.0,30,55.0,30.0,85,3.0,30.0,False
279,Pelipper,Water,Flying,430,60,50,100,85,70,65,3,FALSE,279,430,60.0,50.0,100,85.0,70.0,65,3.0,50.0,False
280,Ralts,Psychic,Fairy,198,28,25,25,45,35,40,3,FALSE,280,198,28.0,25.0,25,45.0,35.0,40,3.0,25.0,False
281,Kirlia,Psychic,Fairy,278,38,35,35,65,55,50,3,FALSE,281,278,38.0,35.0,35,65.0,55.0,50,3.0,35.0,False
282,Gardevoir,Psychic,Fairy,518,68,65,65,125,115,80,3,FALSE,282,518,68.0,65.0,65,125.0,115.0,80,3.0,65.0,False
282,GardevoirMega Gardevoir,Psychic,Fairy,618,68,85,65,165,135,100,3,FALSE,282,618,68.0,85.0,65,165.0,135.0,100,3.0,85.0,False
283,Surskit,Bug,Water,269,40,30,32,50,52,65,3,FALSE,283,269,40.0,30.0,32,50.0,52.0,65,3.0,30.0,False
284,Masquerain,Bug,Flying,414,70,60,62,80,82,60,3,FALSE,284,414,70.0,60.0,62,80.0,82.0,60,3.0,60.0,False
285,Shroomish,Grass,,295,60,40,60,40,60,35,3,FALSE,285,295,60.0,40.0,60,40.0,60.0,35,3.0,40.0,False
286,Breloom,Grass,Fighting,460,60,130,80,60,60,70,3,FALSE,286,460,60.0,130.0,80,60.0,60.0,70,3.0,130.0,False
287,Slakoth,Normal,,280,60,60,60,35,35,30,3,FALSE,287,280,60.0,60.0,60,35.0,35.0,30,3.0,60.0,False
288,Vigoroth,Normal,,440,80,80,80,55,55,90,3,FALSE,288,440,80.0,80.0,80,55.0,55.0,90,3.0,80.0,False
289,Slaking,Normal,,670,150,160,100,95,65,100,3,FALSE,289,670,150.0,160.0,100,95.0,65.0,100,3.0,160.0,False
290,Nincada,Bug,Ground,266,31,45,90,30,30,40,3,FALSE,290,266,31.0,45.0,90,30.0,30.0,40,3.0,45.0,False
291,Ninjask,Bug,Flying,456,61,90,45,50,50,160,3,FALSE,291,456,61.0,90.0,45,50.0,50.0,160,3.0,90.0,False
292,Shedinja,Bug,Ghost,236,1,90,45,30,30,40,3,FALSE,292,236,1.0,90.0,45,30.0,30.0,40,3.0,90.0,False
293,Whismur,Normal,,240,64,51,23,51,23,28,3,FALSE,293,240,64.0,51.0,23,51.0,23.0,28,3.0,51.0,False
294,Loudred,Normal,,360,84,71,43,71,43,48,3,FALSE,294,360,84.0,71.0,43,71.0,43.0,48,3.0,71.0,False
295,Exploud,Normal,,490,104,91,63,91,73,68,3,FALSE,295,490,104.0,91.0,63,91.0,73.0,68,3.0,91.0,False
296,Makuhita,Fighting,,237,72,60,30,20,30,25,3,FALSE,296,237,72.0,60.0,30,20.0,30.0,25,3.0,60.0,False
297,Hariyama,Fighting,,474,144,120,60,40,60,50,3,FALSE,297,474,144.0,120.0,60,40.0,60.0,50,3.0,120.0,False
298,Azurill,Normal,Fairy,190,50,20,40,20,40,20,3,FALSE,298,190,50.0,20.0,40,20.0,40.0,20,3.0,20.0,False
299,Nosepass,Rock,,375,30,45,135,45,90,30,3,FALSE,299,375,30.0,45.0,135,45.0,90.0,30,3.0,45.0,False
300,Skitty,Normal,,260,50,45,45,35,35,50,3,FALSE,300,260,50.0,45.0,45,35.0,35.0,50,3.0,45.0,False
301,Delcatty,Normal,,380,70,65,65,55,55,70,3,FALSE,301,380,70.0,65.0,65,55.0,55.0,70,3.0,65.0,False
302,Sableye,Dark,Ghost,380,50,75,75,65,65,50,3,FALSE,302,380,50.0,75.0,75,65.0,65.0,50,3.0,75.0,False
302,SableyeMega Sableye,Dark,Ghost,480,50,85,125,85,115,20,3,FALSE,302,480,50.0,85.0,125,85.0,115.0,20,3.0,85.0,False
303,Mawile,Steel,Fairy,380,50,85,85,55,55,50,3,FALSE,303,380,50.0,85.0,85,55.0,55.0,50,3.0,85.0,False
303,MawileMega Mawile,Steel,Fairy,480,50,105,125,55,95,50,3,FALSE,303,480,50.0,105.0,125,55.0,95.0,50,3.0,105.0,False
304,Aron,Steel,Rock,330,50,70,100,40,40,30,3,FALSE,304,330,50.0,70.0,100,40.0,40.0,30,3.0,70.0,False
305,Lairon,Steel,Rock,430,60,90,140,50,50,40,3,FALSE,305,430,60.0,90.0,140,50.0,50.0,40,3.0,90.0,False
306,Aggron,Steel,Rock,530,70,110,180,60,60,50,3,FALSE,306,530,70.0,110.0,180,60.0,60.0,50,3.0,110.0,False
306,AggronMega Aggron,Steel,,630,70,140,230,60,80,50,3,FALSE,306,630,70.0,140.0,230,60.0,80.0,50,3.0,140.0,False
307,Meditite,Fighting,Psychic,280,30,40,55,40,55,60,3,FALSE,307,280,30.0,40.0,55,40.0,55.0,60,3.0,40.0,False
308,Medicham,Fighting,Psychic,410,60,60,75,60,75,80,3,FALSE,308,410,60.0,60.0,75,60.0,75.0,80,3.0,60.0,False
308,MedichamMega Medicham,Fighting,Psychic,510,60,100,85,80,85,100,3,FALSE,308,510,60.0,100.0,85,80.0,85.0,100,3.0,100.0,False
309,Electrike,Electric,,295,40,45,40,65,40,65,3,FALSE,309,295,40.0,45.0,40,65.0,40.0,65,3.0,45.0,False
310,Manectric,Electric,,475,70,75,60,105,60,105,3,FALSE,310,475,70.0,75.0,60,105.0,60.0,105,3.0,75.0,False
310,ManectricMega Manectric,Electric,,575,70,75,80,135,80,135,3,FALSE,310,575,70.0,75.0,80,135.0,80.0,135,3.0,75.0,False
311,Plusle,Electric,,405,60,50,40,85,75,95,3,FALSE,311,405,60.0,50.0,40,85.0,75.0,95,3.0,50.0,False
312,Minun,Electric,,405,60,40,50,75,85,95,3,FALSE,312,405,60.0,40.0,50,75.0,85.0,95,3.0,40.0,False
313,Volbeat,Bug,,400,65,73,55,47,75,85,3,FALSE,313,400,65.0,73.0,55,47.0,75.0,85,3.0,73.0,False
314,Illumise,Bug,,400,65,47,55,73,75,85,3,FALSE,314,400,65.0,47.0,55,73.0,75.0,85,3.0,47.0,False
315,Roselia,Grass,Poison,400,50,60,-10,100,80,65,3,FALSE,315,400,50.0,60.0,-10,100.0,80.0,65,3.0,60.0,False
316,Gulpin,Poison,,302,70,43,53,43,53,40,3,FALSE,316,302,70.0,43.0,53,43.0,53.0,40,3.0,43.0,False
317,Swalot,Poison,,467,100,73,83,73,83,55,3,FALSE,317,467,100.0,73.0,83,73.0,83.0,55,3.0,73.0,False
318,Carvanha,Water,Dark,305,45,90,20,65,20,65,3,FALSE,318,305,45.0,90.0,20,65.0,20.0,65,3.0,90.0,False
319,Sharpedo,Water,Dark,460,70,120,40,95,40,95,3,FALSE,319,460,70.0,120.0,40,95.0,40.0,95,3.0,120.0,False
319,SharpedoMega Sharpedo,Water,Dark,560,70,140,70,110,65,105,3,FALSE,319,560,70.0,140.0,70,110.0,65.0,105,3.0,140.0,False
320,Wailmer,Water,,400,130,70,35,70,35,60,3,FALSE,320,400,130.0,70.0,35,70.0,35.0,60,3.0,70.0,False
321,Wailord,Water,,500,170,90,45,90,45,60,3,FALSE,321,500,170.0,90.0,45,90.0,45.0,60,3.0,90.0,False
322,Numel,Fire,Ground,305,60,60,40,65,45,35,3,FALSE,322,305,60.0,60.0,40,65.0,45.0,35,3.0,60.0,False
323,Camerupt,Fire,Ground,460,70,100,70,105,75,40,3,FALSE,323,460,70.0,100.0,70,105.0,75.0,40,3.0,100.0,False
323,CameruptMega Camerupt,Fire,Ground,560,70,120,100,145,105,20,3,FALSE,323,560,70.0,120.0,100,145.0,105.0,20,3.0,120.0,False
324,Torkoal,Fire,,470,70,85,140,85,70,20,3,FALSE,324,470,70.0,85.0,140,85.0,70.0,20,3.0,85.0,False
325,Spoink,Psychic,,330,60,25,35,70,80,60,3,FALSE,325,330,60.0,25.0,35,70.0,80.0,60,3.0,25.0,False
326,Grumpig,Psychic,,470,80,45,65,90,110.11,80,3,FALSE,326,470,80.0,45.0,65,90.0,110.11,80,3.0,45.0,False
327,Spinda,Normal,,360,60,60,60,60,60,60,3,FALSE,327,360,60.0,60.0,60,60.0,60.0,60,3.0,60.0,False
328,Trapinch,Ground,,290,45,100,45,45,45,10,3,FALSE,328,290,45.0,100.0,45,45.0,45.0,10,3.0,100.0,False
329,Vibrava,Ground,Dragon,340,50,70,50,50,50,70,3,FALSE,329,340,50.0,70.0,50,50.0,50.0,70,3.0,70.0,False
330,Flygon,Ground,Dragon,520,80,100,80,80,80,100,3,FALSE,330,520,80.0,100.0,80,80.0,80.0,100,3.0,100.0,False
331,Cacnea,Grass,,335,50,85,40,85,40,35,3,FALSE,331,335,50.0,85.0,40,85.0,40.0,35,3.0,85.0,False
332,Cacturne,Grass,Dark,475,70,115,60,115,60,55,3,FALSE,332,475,70.0,115.0,60,115.0,60.0,55,3.0,115.0,False
333,Swablu,Normal,Flying,310,45,40,60,40,75,50,3,FALSE,333,310,45.0,40.0,60,40.0,75.0,50,3.0,40.0,False
334,Altaria,Dragon,Flying,490,75,70,90,70,105,80,3,FALSE,334,490,75.0,70.0,90,70.0,105.0,80,3.0,70.0,False
334,AltariaMega Altaria,Dragon,Fairy,590,75,110,110,110,105,80,3,FALSE,334,590,75.0,110.0,110,110.0,105.0,80,3.0,110.0,False
335,Zangoose,Normal,,458,73,115,60,60,60,90,3,FALSE,335,458,73.0,115.0,60,60.0,60.0,90,3.0,115.0,False
336,Seviper,Poison,,458,73,100,60,100,60,65,3,FALSE,336,458,73.0,100.0,60,100.0,60.0,65,3.0,100.0,False
337,Lunatone,Rock,Psychic,440,70,55,65,95,85,70,3,FALSE,337,440,70.0,55.0,65,95.0,85.0,70,3.0,55.0,False
338,Solrock,Rock,Psychic,440,70,95,85,55,65,70,3,FALSE,338,440,70.0,95.0,85,55.0,65.0,70,3.0,95.0,False
339,Barboach,Water,Ground,288,50,48,43,46,41,60,3,FALSE,339,288,50.0,48.0,43,46.0,41.0,60,3.0,48.0,False
340,Whiscash,Water,Ground,468,110,78,73,76,71,60,3,FALSE,340,468,110.0,78.0,73,76.0,71.0,60,3.0,78.0,False
341,Corphish,Water,,308,43,80,65,50,35,35,3,FALSE,341,308,43.0,80.0,65,50.0,35.0,35,3.0,80.0,False
342,Crawdaunt,Water,Dark,468,63,120,85,90,55,55,3,FALSE,342,468,63.0,120.0,85,90.0,55.0,55,3.0,120.0,False
343,Baltoy,Ground,Psychic,300,40,40,55,40,70,55,3,FALSE,343,300,40.0,40.0,55,40.0,70.0,55,3.0,40.0,False
344,Claydol,Ground,Psychic,500,60,70,105,70,120,75,3,FALSE,344,500,60.0,70.0,105,70.0,120.0,75,3.0,70.0,False
345,Lileep,Rock,Grass,355,66,41,77,61,87,23,3,FALSE,345,355,66.0,41.0,77,61.0,87.0,23,3.0,41.0,False
346,Cradily,Rock,Grass,495,86,81,97,81,107,43,3,FALSE,346,495,86.0,81.0,97,81.0,107.0,43,3.0,81.0,False
347,Anorith,Rock,Bug,355,45,95,50,40,50,75,3,FALSE,347,355,45.0,95.0,50,40.0,50.0,75,3.0,95.0,False
348,Armaldo,Rock,Bug,495,75,125,100,70,80,45,3,FALSE,348,495,75.0,125.0,100,70.0,80.0,45,3.0,125.0,False
349,Feebas,Water,,200,20,15,20,10,55,80,3,FALSE,349,200,20.0,15.0,20,10.0,55.0,80,3.0,15.0,False
350,Milotic,Water,,540,95,60,79,100,125,81,3,FALSE,350,540,95.0,60.0,79,100.0,125.0,81,3.0,60.0,False
351,Castform,Normal,,420,70,70,70,70,70,70,3,FALSE,351,420,70.0,70.0,70,70.0,70.0,70,3.0,70.0,False
352,Kecleon,Normal,,440,60,90,70,60,120,40,3,FALSE,352,440,60.0,90.0,70,60.0,120.0,40,3.0,90.0,False
353,Shuppet,Ghost,,295,44,75,35,63,33,45,3,FALSE,353,295,44.0,75.0,35,63.0,33.0,45,3.0,75.0,False
354,Banette,Ghost,,455,64,115,65,83,63,65,3,FALSE,354,455,64.0,115.0,65,83.0,63.0,65,3.0,115.0,False
354,BanetteMega Banette,Ghost,,555,64,165,75,93,83,75,3,FALSE,354,555,64.0,165.0,75,93.0,83.0,75,3.0,165.0,False
355,Duskull,Ghost,,295,20,40,90,30,90,25,3,FALSE,355,295,20.0,40.0,90,30.0,90.0,25,3.0,40.0,False
356,Dusclops,Ghost,,455,40,70,130,60,130,25,3,FALSE,356,455,40.0,70.0,130,60.0,130.0,25,3.0,70.0,False
357,Tropius,Grass,Flying,460,99,68,83,72,87,51,3,FALSE,357,460,99.0,68.0,83,72.0,87.0,51,3.0,68.0,False
358,Chimecho,Psychic,,425,65,50,70,95,80,65,3,FALSE,358,425,65.0,50.0,70,95.0,80.0,65,3.0,50.0,False
359,Absol,Dark,,465,65,130,60,75,60,75,3,FALSE,359,465,65.0,130.0,60,75.0,60.0,75,3.0,130.0,False
359,AbsolMega Absol,Dark,,565,65,150,60,115,60,115,3,FALSE,359,565,65.0,150.0,60,115.0,60.0,115,3.0,150.0,False
360,Wynaut,Psychic,,260,95,23,48,23,48,23,3,FALSE,360,260,95.0,23.0,48,23.0,48.0,23,3.0,23.0,False
361,Snorunt,Ice,,300,50,50,50,50,50,50,3,FALSE,361,300,50.0,50.0,50,50.0,50.0,50,3.0,50.0,False
362,Glalie,Ice,,480,80,80,80,80,80,80,3,FALSE,362,480,80.0,80.0,80,80.0,80.0,80,3.0,80.0,False
362,GlalieMega Glalie,Ice,,580,80,120,80,120,80,100,3,FALSE,362,580,80.0,120.0,80,120.0,80.0,100,3.0,120.0,False
363,Spheal,Ice,Water,290,70,40,50,55,50,25,3,FALSE,363,290,70.0,40.0,50,55.0,50.0,25,3.0,40.0,False
364,Sealeo,Ice,Water,410,90,60,70,75,70,45,3,FALSE,364,410,90.0,60.0,70,75.0,70.0,45,3.0,60.0,False
365,Walrein,Ice,Water,530,110,80,90,95,90,65,3,FALSE,365,530,110.0,80.0,90,95.0,90.0,65,3.0,80.0,False
366,Clamperl,Water,,345,35,64,85,74,55,32,3,FALSE,366,345,35.0,64.0,85,74.0,55.0,32,3.0,64.0,False
367,Huntail,Water,,485,55,104,105,94,75,52,3,FALSE,367,485,55.0,104.0,105,94.0,75.0,52,3.0,104.0,False
368,Gorebyss,Water,,485,55,84,105,114,75,52,3,FALSE,368,485,55.0,84.0,105,114.0,75.0,52,3.0,84.0,False
369,Relicanth,Water,Rock,485,100,90,130,45,65,55,3,FALSE,369,485,100.0,90.0,130,45.0,65.0,55,3.0,90.0,False
370,Luvdisc,Water,,330,43,30,55,40,65,97,3,FALSE,370,330,43.0,30.0,55,40.0,65.0,97,3.0,30.0,False
371,Bagon,Dragon,,300,45,75,60,40,30,50,3,FALSE,371,300,45.0,75.0,60,40.0,30.0,50,3.0,75.0,False
372,Shelgon,Dragon,,420,65,95,100,60,50,50,3,FALSE,372,420,65.0,95.0,100,60.0,50.0,50,3.0,95.0,False
373,Salamence,Dragon,Flying,600,95,135,80,110,80,100,3,FALSE,373,600,95.0,135.0,80,110.0,80.0,100,3.0,135.0,False
373,SalamenceMega Salamence,Dragon,Flying,700,95,145,130,120,90,120,3,FALSE,373,700,95.0,145.0,130,120.0,90.0,120,3.0,145.0,False
374,Beldum,Steel,Psychic,300,40,55,80,35,60,30,3,FALSE,374,300,40.0,55.0,80,35.0,60.0,30,3.0,55.0,False
375,Metang,Steel,Psychic,420,60,75,100,55,80,50,3,FALSE,375,420,60.0,75.0,100,55.0,80.0,50,3.0,75.0,False
376,Metagross,Steel,Psychic,600,80,135,130,95,90,70,3,FALSE,376,600,80.0,135.0,130,95.0,90.0,70,3.0,135.0,False
376,MetagrossMega Metagross,Steel,Psychic,700,80,145,150,105,110,110,3,FALSE,376,700,80.0,145.0,150,105.0,110.0,110,3.0,145.0,False
377,Regirock,Rock,,580,80,100,200,50,100,50,3,TRUE,377,580,80.0,100.0,200,50.0,100.0,50,3.0,100.0,True
378,Regice,Ice,,580,80,50,100,100,200,50,3,TRUE,378,580,80.0,50.0,100,100.0,200.0,50,3.0,50.0,True
379,Registeel,Steel,,580,80,75,150,75,150,50,3,TRUE,379,580,80.0,75.0,150,75.0,150.0,50,3.0,75.0,True
380,Latias,Dragon,Psychic,600,80,80,90,110,130,110,3,TRUE,380,600,80.0,80.0,90,110.0,130.0,110,3.0,80.0,True
380,LatiasMega Latias,Dragon,Psychic,700,80,100,120,140,150,110,3,TRUE,380,700,80.0,100.0,120,140.0,150.0,110,3.0,100.0,True
381,Latios,Dragon,Psychic,600,80,90,80,130,110,110,3,TRUE,381,600,80.0,90.0,80,130.0,110.0,110,3.0,90.0,True
381,LatiosMega Latios,Dragon,Psychic,700,80,130,100,160,120,110,3,TRUE,381,700,80.0,130.0,100,160.0,120.0,110,3.0,130.0,True
382,Kyogre,Water,,670,100,100,90,150,140,90,3,TRUE,382,670,100.0,100.0,90,150.0,140.0,90,3.0,100.0,True
382,KyogrePrimal Kyogre,Water,,770,100,150,90,180,160,90,3,TRUE,382,770,100.0,150.0,90,180.0,160.0,90,3.0,150.0,True
383,Groudon,Ground,,670,100,150,140,100,90,90,3,TRUE,383,670,100.0,150.0,140,100.0,90.0,90,3.0,150.0,True
383,GroudonPrimal Groudon,Ground,Fire,770,100,180,160,150,90,90,3,TRUE,383,770,100.0,180.0,160,150.0,90.0,90,3.0,180.0,True
384,Rayquaza,Dragon,Flying,680,105,150,90,150,90,95,3,TRUE,384,680,105.0,150.0,90,150.0,90.0,95,3.0,150.0,True
384,RayquazaMega Rayquaza,Dragon,Flying,780,105,180,100,180,100,115,3,TRUE,384,780,105.0,180.0,100,180.0,100.0,115,3.0,180.0,True
385,Jirachi,Steel,Psychic,600,100,100,100,100,100,100,3,TRUE,385,600,100.0,100.0,100,100.0,100.0,100,3.0,100.0,True
386,DeoxysNormal Forme,Psychic,,600,50,150,50,150,50,150,3,TRUE,386,600,50.0,150.0,50,150.0,50.0,150,3.0,150.0,True
386,DeoxysAttack Forme,Psychic,,600,50,180,20,180,20,150,3,TRUE,386,600,50.0,180.0,20,180.0,20.0,150,3.0,180.0,True
386,DeoxysDefense Forme,Psychic,,600,50,70,160,70,160,90,3,TRUE,386,600,50.0,70.0,160,70.0,160.0,90,3.0,70.0,True
386,DeoxysSpeed Forme,Psychic,,600,50,95,90,95,90,180,3,TRUE,386,600,50.0,95.0,90,95.0,90.0,180,3.0,95.0,True
387,Turtwig,Grass,,318,55,68,64,45,55,31,4,FALSE,387,318,55.0,68.0,64,45.0,55.0,31,4.0,68.0,False
388,Grotle,Grass,,405,75,89,85,55,65,36,4,FALSE,388,405,75.0,89.0,85,55.0,65.0,36,4.0,89.0,False
389,Torterra,Grass,Ground,525,95,109,105,75,85,56,4,FALSE,389,525,95.0,109.0,105,75.0,85.0,56,4.0,109.0,False
390,Chimchar,Fire,,309,44,58,44,58,44,61,4,FALSE,390,309,44.0,58.0,44,58.0,44.0,61,4.0,58.0,False
391,Monferno,Fire,Fighting,405,64,78,52,78,52,81,4,FALSE,391,405,64.0,78.0,52,78.0,52.0,81,4.0,78.0,False
392,Infernape,Fire,Fighting,534,76,104,71,104,71,108,4,FALSE,392,534,76.0,104.0,71,104.0,71.0,108,4.0,104.0,False
393,Piplup,Water,,314,53,51,53,61,56,40,4,FALSE,393,314,53.0,51.0,53,61.0,56.0,40,4.0,51.0,False
394,Prinplup,Water,,405,64,66,68,81,76,50,4,FALSE,394,405,64.0,66.0,68,81.0,76.0,50,4.0,66.0,False
395,Empoleon,Water,Steel,530,84,86,88,111,101,60,4,FALSE,395,530,84.0,86.0,88,111.0,101.0,60,4.0,86.0,False
396,Starly,Normal,Flying,245,40,55,30,30,30,60,4,FALSE,396,245,40.0,55.0,30,30.0,30.0,60,4.0,55.0,False
397,Staravia,Normal,Flying,340,55,75,50,40,40,80,4,FALSE,397,340,55.0,75.0,50,40.0,40.0,80,4.0,75.0,False
398,Staraptor,Normal,Flying,485,85,120,70,50,60,100,4,FALSE,398,485,85.0,120.0,70,50.0,60.0,100,4.0,120.0,False
399,Bidoof,Normal,,250,59,45,40,35,40,31,4,FALSE,399,250,59.0,45.0,40,35.0,40.0,31,4.0,45.0,False
400,Bibarel,Normal,Water,410,79,85,60,55,60,71,4,FALSE,400,410,79.0,85.0,60,55.0,60.0,71,4.0,85.0,False
401,Kricketot,Bug,,194,37,25,41,25,41,25,4,FALSE,401,194,37.0,25.0,41,25.0,41.0,25,4.0,25.0,False
402,Kricketune,Bug,,384,77,85,51,55,51,65,4,FALSE,402,384,77.0,85.0,51,55.0,51.0,65,4.0,85.0,False
403,Shinx,Electric,,263,45,65,34,40,34,45,4,FALSE,403,263,45.0,65.0,34,40.0,34.0,45,4.0,65.0,False
404,Luxio,Electric,,363,60,85,49,60,49,60,4,FALSE,404,363,60.0,85.0,49,60.0,49.0,60,4.0,85.0,False
405,Luxray,Electric,,523,80,120,79,95,79,70,4,FALSE,405,523,80.0,120.0,79,95.0,79.0,70,4.0,120.0,False
406,Budew,Grass,Poison,280,40,30,35,50,70,55,4,FALSE,406,280,40.0,30.0,35,50.0,70.0,55,4.0,30.0,False
407,Roserade,Grass,Poison,515,60,70,65,125,105,90,4,FALSE,407,515,60.0,70.0,65,125.0,105.0,90,4.0,70.0,False
408,Cranidos,Rock,,350,67,125,40,30,30,58,4,FALSE,408,350,67.0,125.0,40,30.0,30.0,58,4.0,125.0,False
409,Rampardos,Rock,,495,97,165,60,65,50,58,4,FALSE,409,495,97.0,165.0,60,65.0,50.0,58,4.0,165.0,False
410,Shieldon,Rock,Steel,350,30,42,118,42,88,30,4,FALSE,410,350,30.0,42.0,118,42.0,88.0,30,4.0,42.0,False
411,Bastiodon,Rock,Steel,495,60,52,168,47,138,30,4,FALSE,411,495,60.0,52.0,168,47.0,138.0,30,4.0,52.0,False
412,Burmy,Bug,,224,40,29,450,29,45,36,4,FALSE,412,224,40.0,29.0,450,29.0,45.0,36,4.0,29.0,False
413,WormadamPlant Cloak,Bug,Grass,424,60,59,85,79,105,36,4,FALSE,413,424,60.0,59.0,85,79.0,105.0,36,4.0,59.0,False
413,WormadamSandy Cloak,Bug,Ground,424,60,79,105,59,85,36,4,FALSE,413,424,60.0,79.0,105,59.0,85.0,36,4.0,79.0,False
413,WormadamTrash Cloak,Bug,Steel,424,60,69,95,69,95,36,4,FALSE,413,424,60.0,69.0,95,69.0,95.0,36,4.0,69.0,False
414,Mothim,Bug,Flying,424,70,94,50,94,50,66,4,FALSE,414,424,70.0,94.0,50,94.0,50.0,66,4.0,94.0,False
415,Combee,Bug,Flying,244,30,30,42,30,42,70,4,FALSE,415,244,30.0,30.0,42,30.0,42.0,70,4.0,30.0,False
416,Vespiquen,Bug,Flying,474,70,80,102,80,102,40,4,FALSE,416,474,70.0,80.0,102,80.0,102.0,40,4.0,80.0,False
417,Pachirisu,Electric,,405,60,45,70,45,90,95,4,FALSE,417,405,60.0,45.0,70,45.0,90.0,95,4.0,45.0,False
418,Buizel,Water,,330,55,65,35,60,30,85,4,FALSE,418,330,55.0,65.0,35,60.0,30.0,85,4.0,65.0,False
419,Floatzel,Water,,495,85,105,55,85,50,115,4,FALSE,419,495,85.0,105.0,55,85.0,50.0,115,4.0,105.0,False
420,Cherubi,Grass,,275,45,35,45,62,53,35,4,FALSE,420,275,45.0,35.0,45,62.0,53.0,35,4.0,35.0,False
421,Cherrim,Grass,,450,70,60,70,87,78,85,4,FALSE,421,450,70.0,60.0,70,87.0,78.0,85,4.0,60.0,False
422,Shellos,Water,,325,76,48,48,57,62,34,4,FALSE,422,325,76.0,48.0,48,57.0,62.0,34,4.0,48.0,False
423,Gastrodon,Water,Ground,475,111,83,68,92,82,39,4,FALSE,423,475,111.0,83.0,68,92.0,82.0,39,4.0,83.0,False
424,Ambipom,Normal,,482,75,100,66,60,66,115,4,FALSE,424,482,75.0,100.0,66,60.0,66.0,115,4.0,100.0,False
425,Drifloon,Ghost,Flying,348,90,50,34,60,44,70,4,FALSE,425,348,90.0,50.0,34,60.0,44.0,70,4.0,50.0,False
426,Drifblim,Ghost,Flying,498,150,80,44,90,54,80,4,FALSE,426,498,150.0,80.0,44,90.0,54.0,80,4.0,80.0,False
427,Buneary,Normal,,350,55,66,44,44,56,85,4,FALSE,427,350,55.0,66.0,44,44.0,56.0,85,4.0,66.0,False
428,Lopunny,Normal,,480,65,76,84,54,96,105,4,FALSE,428,480,65.0,76.0,84,54.0,96.0,105,4.0,76.0,False
428,LopunnyMega Lopunny,Normal,Fighting,580,65,136,94,54,96,135,4,FALSE,428,580,65.0,136.0,94,54.0,96.0,135,4.0,136.0,False
429,Mismagius,Ghost,,495,60,60,60,105,105,105,4,FALSE,429,495,60.0,60.0,60,105.0,105.0,105,4.0,60.0,False
430,Honchkrow,Dark,Flying,505,100,125,52,105,52,71,4,FALSE,430,505,100.0,125.0,52,105.0,52.0,71,4.0,125.0,False
431,Glameow,Normal,,310,49,55,42,42,37,85,4,FALSE,431,310,49.0,55.0,42,42.0,37.0,85,4.0,55.0,False
432,Purugly,Normal,,452,71,82,64,64,59,112,4,FALSE,432,452,71.0,82.0,64,64.0,59.0,112,4.0,82.0,False
433,Chingling,Psychic,,285,45,30,50,65,50,45,4,FALSE,433,285,45.0,30.0,50,65.0,50.0,45,4.0,30.0,False
434,Stunky,Poison,Dark,329,63,63,47,41,41,74,4,FALSE,434,329,63.0,63.0,47,41.0,41.0,74,4.0,63.0,False
435,Skuntank,Poison,Dark,479,103,93,67,71,61,84,4,FALSE,435,479,103.0,93.0,67,71.0,61.0,84,4.0,93.0,False
436,Bronzor,Steel,Psychic,300,57,24,86,24,86,23,4,FALSE,436,300,57.0,24.0,86,24.0,86.0,23,4.0,24.0,False
437,Bronzong,Steel,Psychic,500,67,89,116,79,116,33,4,FALSE,437,500,67.0,89.0,116,79.0,116.0,33,4.0,89.0,False
438,Bonsly,Rock,,290,50,80,95,10,45,10,4,FALSE,438,290,50.0,80.0,95,10.0,45.0,10,4.0,80.0,False
439,Mime Jr.,Psychic,Fairy,310,20,25,45,70,90,60,4,FALSE,439,310,20.0,25.0,45,70.0,90.0,60,4.0,25.0,False
440,Happiny,Normal,,220,100,5,5,15,65,30,4,FALSE,440,220,100.0,5.0,5,15.0,65.0,30,4.0,5.0,False
441,Chatot,Normal,Flying,411,76,65,45,92,42,91,4,FALSE,441,411,76.0,65.0,45,92.0,42.0,91,4.0,65.0,False
442,Spiritomb,Ghost,Dark,485,50,92,108,92,108,35,4,FALSE,442,485,50.0,92.0,108,92.0,108.0,35,4.0,92.0,False
443,Gible,Dragon,Ground,300,58,70,45,40,45,42,4,FALSE,443,300,58.0,70.0,45,40.0,45.0,42,4.0,70.0,False
444,Gabite,Dragon,Ground,410,68,90,65,50,55,82,4,FALSE,444,410,68.0,90.0,65,50.0,55.0,82,4.0,90.0,False
445,Garchomp,Dragon,Ground,600,108,130,95,80,85,102,4,FALSE,445,600,108.0,130.0,95,80.0,85.0,102,4.0,130.0,False
445,GarchompMega Garchomp,Dragon,Ground,700,108,170,115,120,95,92,4,FALSE,445,700,108.0,170.0,115,120.0,95.0,92,4.0,170.0,False
446,Munchlax,Normal,,390,135,85,40,40,85,5,4,FALSE,446,390,135.0,85.0,40,40.0,85.0,5,4.0,85.0,False
447,Riolu,Fighting,,285,40,70,40,35,40,60,4,FALSE,447,285,40.0,70.0,40,35.0,40.0,60,4.0,70.0,False
448,Lucario,Fighting,Steel,525,70,110,70,115,70,90,4,FALSE,448,525,70.0,110.0,70,115.0,70.0,90,4.0,110.0,False
448,LucarioMega Lucario,Fighting,Steel,625,70,145,88,140,70,112,4,FALSE,448,625,70.0,145.0,88,140.0,70.0,112,4.0,145.0,False
449,Hippopotas,Ground,,330,68,72,78,38,42,32,4,FALSE,449,330,68.0,72.0,78,38.0,42.0,32,4.0,72.0,False
450,Hippowdon,Ground,,525,108,112,118,68,72,47,4,FALSE,450,525,108.0,112.0,118,68.0,72.0,47,4.0,112.0,False
451,Skorupi,Poison,Bug,330,40,50,90,30,55,65,4,FALSE,451,330,40.0,50.0,90,30.0,55.0,65,4.0,50.0,False
452,Drapion,Poison,Dark,500,70,90,110,60,75,95,4,FALSE,452,500,70.0,90.0,110,60.0,75.0,95,4.0,90.0,False
453,Croagunk,Poison,Fighting,300,48,61,40,61,40,50,4,FALSE,453,300,48.0,61.0,40,61.0,40.0,50,4.0,61.0,False
454,Toxicroak,Poison,Fighting,490,83,106,65,86,65,85,4,FALSE,454,490,83.0,106.0,65,86.0,65.0,85,4.0,106.0,False
455,Carnivine,Grass,,454,74,100,72,90,72,46,4,FALSE,455,454,74.0,100.0,72,90.0,72.0,46,4.0,100.0,False
456,Finneon,Water,,330,49,49,56,49,61,66,4,FALSE,456,330,49.0,49.0,56,49.0,61.0,66,4.0,49.0,False
457,Lumineon,Water,,460,69,69,76,69,86,91,4,FALSE,457,460,69.0,69.0,76,69.0,86.0,91,4.0,69.0,False
458,Mantyke,Water,Flying,345,45,20,50,60,120,50,4,FALSE,458,345,45.0,20.0,50,60.0,120.0,50,4.0,20.0,False
459,Snover,Grass,Ice,334,60,62,50,62,60,40,4,FALSE,459,334,60.0,62.0,50,62.0,60.0,40,4.0,62.0,False
460,Abomasnow,Grass,Ice,494,90,92,75,92,85,60,4,FALSE,460,494,90.0,92.0,75,92.0,85.0,60,4.0,92.0,False
460,AbomasnowMega Abomasnow,Grass,Ice,594,90,132,105,132,105,30,4,FALSE,460,594,90.0,132.0,105,132.0,105.0,30,4.0,132.0,False
461,Weavile,Dark,Ice,510,70,120,65,45,85,125,4,FALSE,461,510,70.0,120.0,65,45.0,85.0,125,4.0,120.0,False
462,Magnezone,Electric,Steel,535,70,70,115,130,90,60,4,FALSE,462,535,70.0,70.0,115,130.0,90.0,60,4.0,70.0,False
463,Lickilicky,Normal,,515,110,85,95,80,95,50,4,FALSE,463,515,110.0,85.0,95,80.0,95.0,50,4.0,85.0,False
464,Rhyperior,Ground,Rock,535,115,140,130,55,55,40,4,FALSE,464,535,115.0,140.0,130,55.0,55.0,40,4.0,140.0,False
465,Tangrowth,Grass,,535,100,100,125,110,50,50,4,FALSE,465,535,100.0,100.0,125,110.0,50.0,50,4.0,100.0,False
466,Electivire,Electric,,540,75,123,67,95,85,95,4,FALSE,466,540,75.0,123.0,67,95.0,85.0,95,4.0,123.0,False
467,Magmortar,Fire,,540,75,95,67,125,95,83,4,FALSE,467,540,75.0,95.0,67,125.0,95.0,83,4.0,95.0,False
468,Togekiss,Fairy,Flying,545,85,50,95,120,115,80,4,FALSE,468,545,85.0,50.0,95,120.0,115.0,80,4.0,50.0,False
469,Yanmega,Bug,Flying,515,86,76,86,116,56,95,4,FALSE,469,515,86.0,76.0,86,116.0,56.0,95,4.0,76.0,False
470,Leafeon,Grass,,525,65,110,130,60,65,95,4,FALSE,470,525,65.0,110.0,130,60.0,65.0,95,4.0,110.0,False
471,Glaceon,Ice,,525,65,60,110,130,95,65,4,FALSE,471,525,65.0,60.0,110,130.0,95.0,65,4.0,60.0,False
472,Gliscor,Ground,Flying,510,75,95,125,45,75,95,4,FALSE,472,510,75.0,95.0,125,45.0,75.0,95,4.0,95.0,False
473,Mamoswine,Ice,Ground,530,110,130,80,70,60,80,4,FALSE,473,530,110.0,130.0,80,70.0,60.0,80,4.0,130.0,False
474,Porygon-Z,Normal,,535,85,80,70,135,75,90,4,FALSE,474,535,85.0,80.0,70,135.0,75.0,90,4.0,80.0,False
475,Gallade,Psychic,Fighting,518,68,125,65,65,115,80,4,FALSE,475,518,68.0,125.0,65,65.0,115.0,80,4.0,125.0,False
475,GalladeMega Gallade,Psychic,Fighting,618,68,165,95,65,115,110,4,,475,618,68.0,165.0,95,65.0,115.0,110,4.0,165.0,
476,Probopass,Rock,Steel,525,60,55,145,75,150,40,4,FALSE,476,525,60.0,55.0,145,75.0,150.0,40,4.0,55.0,False
477,Dusknoir,Ghost,,525,45,100,135,65,135,45,4,FALSE,477,525,45.0,100.0,135,65.0,135.0,45,4.0,100.0,False
478,Froslass,Ice,Ghost,480,70,80,70,80,70,110,4,FALSE,478,480,70.0,80.0,70,80.0,70.0,110,4.0,80.0,False
479,Rotom,Electric,Ghost,440,50,50,77,95,77,91,4,FALSE,479,440,50.0,50.0,77,95.0,77.0,91,4.0,50.0,False
479,RotomHeat Rotom,Electric,Fire,520,50,65,107,105,107,86,4,FALSE,479,520,50.0,65.0,107,105.0,107.0,86,4.0,65.0,False
479,RotomWash Rotom,Electric,Water,520,50,65,107,105,107,86,4,FALSE,479,520,50.0,65.0,107,105.0,107.0,86,4.0,65.0,False
479,RotomFrost Rotom,Electric,Ice,520,50,65,107,105,107,86,4,FALSE,479,520,50.0,65.0,107,105.0,107.0,86,4.0,65.0,False
479,RotomFan Rotom,Electric,Flying,520,50,65,107,105,107,86,4,FALSE,479,520,50.0,65.0,107,105.0,107.0,86,4.0,65.0,False
479,RotomMow Rotom,Electric,Grass,520,50,65,107,105,107,86,4,FALSE,479,520,50.0,65.0,107,105.0,107.0,86,4.0,65.0,False
480,Uxie,Psychic,,580,75,75,130,75,130,95,4,TRUE,480,580,75.0,75.0,130,75.0,130.0,95,4.0,75.0,True
481,Mesprit,Psychic,,580,80,105,105,105,105,80,4,TRUE,481,580,80.0,105.0,105,105.0,105.0,80,4.0,105.0,True
482,Azelf,Psychic,,580,75,125,70,125,70,115,4,TRUE,482,580,75.0,125.0,70,125.0,70.0,115,4.0,125.0,True
483,Dialga,Steel,Dragon,680,100,120,120,150,100,90,4,TRUE,483,680,100.0,120.0,120,150.0,100.0,90,4.0,120.0,True
484,Palkia,Water,Dragon,680,90,120,100,150,120,100,4,TRUE,484,680,90.0,120.0,100,150.0,120.0,100,4.0,120.0,True
485,Heatran,Fire,Steel,600,91,90,106,130,106,77,4,TRUE,485,600,91.0,90.0,106,130.0,106.0,77,4.0,90.0,True
486,Regigigas,Normal,,670,110,160,110,80,110,100,4,TRUE,486,670,110.0,160.0,110,80.0,110.0,100,4.0,160.0,True
487,GiratinaAltered Forme,Ghost,Dragon,680,150,100,120,100,120,90,4,TRUE,487,680,150.0,100.0,120,100.0,120.0,90,4.0,100.0,True
487,GiratinaOrigin Forme,Ghost,Dragon,680,150,120,100,120,100,90,4,TRUE,487,680,150.0,120.0,100,120.0,100.0,90,4.0,120.0,True
488,Cresselia,Psychic,,600,120,70,120,75,130,85,4,FALSE,488,600,120.0,70.0,120,75.0,130.0,85,4.0,70.0,False
489,Phione,Water,,480,80,80,80,80,80,80,4,FALSE,489,480,80.0,80.0,80,80.0,80.0,80,4.0,80.0,False
490,Manaphy,Water,,600,100,100,100,100,100,100,4,FALSE,490,600,100.0,100.0,100,100.0,100.0,100,4.0,100.0,False
491,Darkrai,Dark,,600,70,90,90,135,90,125,4,TRUE,491,600,70.0,90.0,90,135.0,90.0,125,4.0,90.0,True
492,ShayminLand Forme,Grass,,600,100,100,100,100,100,100,4,TRUE,492,600,100.0,100.0,100,100.0,100.0,100,4.0,100.0,True
492,ShayminSky Forme,Grass,Flying,600,100,103,75,120,75,127,4,TRUE,492,600,100.0,103.0,75,120.0,75.0,127,4.0,103.0,True
493,Arceus,Normal,,720,120,120,120,120,120,120,4,TRUE,493,720,120.0,120.0,120,120.0,120.0,120,4.0,120.0,True
494,Victini,Psychic,Fire,600,100,100,100,100,100,100,5,TRUE,494,600,100.0,100.0,100,100.0,100.0,100,5.0,100.0,True
495,Snivy,Grass,,308,45,45,55,45,55,63,5,FALSE,495,308,45.0,45.0,55,45.0,55.0,63,5.0,45.0,False
496,Servine,Grass,,413,60,60,75,60,75,83,5,FALSE,496,413,60.0,60.0,75,60.0,75.0,83,5.0,60.0,False
497,Serperior,Grass,,528,75,75,95,75,95,113,5,FALSE,497,528,75.0,75.0,95,75.0,95.0,113,5.0,75.0,False
498,Tepig,Fire,,308,65,63,45,45,45,45,5,FALSE,498,308,65.0,63.0,45,45.0,45.0,45,5.0,63.0,False
499,Pignite,Fire,Fighting,418,90,93,55,70,55,55,5,FALSE,499,418,90.0,93.0,55,70.0,55.0,55,5.0,93.0,False
500,Emboar,Fire,Fighting,528,110,123,65,100,65,65,5,FALSE,500,528,110.0,123.0,65,100.0,65.0,65,5.0,123.0,False
501,Oshawott,Water,,308,55,55,45,63,45,45,5,FALSE,501,308,55.0,55.0,45,63.0,45.0,45,5.0,55.0,False
502,Dewott,Water,,413,75,75,60,83,60,60,5,FALSE,502,413,75.0,75.0,60,83.0,60.0,60,5.0,75.0,False
503,Samurott,Water,,528,95,100,85,108,70,70,5,FALSE,503,528,95.0,100.0,85,108.0,70.0,70,5.0,100.0,False
504,Patrat,Normal,,255,45,55,39,35,39,42,5,FALSE,504,255,45.0,55.0,39,35.0,39.0,42,5.0,55.0,False
505,Watchog,Normal,,420,60,85,69,60,69,77,5,FALSE,505,420,60.0,85.0,69,60.0,69.0,77,5.0,85.0,False
506,Lillipup,Normal,,275,45,60,45,25,45,55,5,FALSE,506,275,45.0,60.0,45,25.0,45.0,55,5.0,60.0,False
507,Herdier,Normal,,370,65,80,65,35,65,60,5,FALSE,507,370,65.0,80.0,65,35.0,65.0,60,5.0,80.0,False
508,Stoutland,Normal,,500,85,110,90,45,90,80,5,FALSE,508,500,85.0,110.0,90,45.0,90.0,80,5.0,110.0,False
509,Purrloin,Dark,,281,41,50,37,50,37,66,5,FALSE,509,281,41.0,50.0,37,50.0,37.0,66,5.0,50.0,False
510,Liepard,Dark,,446,64,88,50,88,50,106,5,FALSE,510,446,64.0,88.0,50,88.0,50.0,106,5.0,88.0,False
511,Pansage,Grass,,316,50,53,48,53,48,64,5,FALSE,511,316,50.0,53.0,48,53.0,48.0,64,5.0,53.0,False
512,Simisage,Grass,,498,75,98,63,98,63,101,5,FALSE,512,498,75.0,98.0,63,98.0,63.0,101,5.0,98.0,False
513,Pansear,Fire,,316,50,53,48,53,48,64,5,FALSE,513,316,50.0,53.0,48,53.0,48.0,64,5.0,53.0,False
514,Simisear,Fire,,498,75,98,63,98,63,101,5,FALSE,514,498,75.0,98.0,63,98.0,63.0,101,5.0,98.0,False
515,Panpour,Water,,316,50,53,48,53,48,64,5,FALSE,515,316,50.0,53.0,48,53.0,48.0,64,5.0,53.0,False
516,Simipour,Water,,498,75,98,63,98,63,101,5,FALSE,516,498,75.0,98.0,63,98.0,63.0,101,5.0,98.0,False
517,Munna,Psychic,,292,76,25,45,67,55,24,5,FALSE,517,292,76.0,25.0,45,67.0,55.0,24,5.0,25.0,False
518,Musharna,Psychic,,487,116,55,85,107,95,29,5,FALSE,518,487,116.0,55.0,85,107.0,95.0,29,5.0,55.0,False
519,Pidove,Normal,Flying,264,50,55,50,36,30,43,5,FALSE,519,264,50.0,55.0,50,36.0,30.0,43,5.0,55.0,False
520,Tranquill,Normal,Flying,358,62,77,62,50,42,65,5,FALSE,520,358,62.0,77.0,62,50.0,42.0,65,5.0,77.0,False
521,Unfezant,Normal,Flying,488,80,115,80,65,55,93,5,FALSE,521,488,80.0,115.0,80,65.0,55.0,93,5.0,115.0,False
522,Blitzle,Electric,,295,45,60,32,50,32,76,5,FALSE,522,295,45.0,60.0,32,50.0,32.0,76,5.0,60.0,False
523,Zebstrika,Electric,,497,75,100,63,80,63,116,5,FALSE,523,497,75.0,100.0,63,80.0,63.0,116,5.0,100.0,False
524,Roggenrola,Rock,,280,55,75,85,25,25,15,5,FALSE,524,280,55.0,75.0,85,25.0,25.0,15,5.0,75.0,False
525,Boldore,Rock,,390,70,105,105,50,40,20,5,FALSE,525,390,70.0,105.0,105,50.0,40.0,20,5.0,105.0,False
526,Gigalith,Rock,,515,85,135,130,60,80,25,5,FALSE,526,515,85.0,135.0,130,60.0,80.0,25,5.0,135.0,False
527,Woobat,Psychic,Flying,313,55,45,43,55,43,72,5,FALSE,527,313,55.0,45.0,43,55.0,43.0,72,5.0,45.0,False
528,Swoobat,Psychic,Flying,425,67,57,55,77,55,114,5,FALSE,528,425,67.0,57.0,55,77.0,55.0,114,5.0,57.0,False
529,Drilbur,Ground,,328,60,85,40,30,45,68,5,FALSE,529,328,60.0,85.0,40,30.0,45.0,68,5.0,85.0,False
530,Excadrill,Ground,Steel,508,110,135,60,50,65,88,5,FALSE,530,508,110.0,135.0,60,50.0,65.0,88,5.0,135.0,False
531,Audino,Normal,,445,103,60,86,60,86,50,5,FALSE,531,445,103.0,60.0,86,60.0,86.0,50,5.0,60.0,False
531,AudinoMega Audino,Normal,Fairy,545,103,60,126,80,126,50,5,FALSE,531,545,103.0,60.0,126,80.0,126.0,50,5.0,60.0,False
532,Timburr,Fighting,,305,75,80,55,25,35,35,5,FALSE,532,305,75.0,80.0,55,25.0,35.0,35,5.0,80.0,False
533,Gurdurr,Fighting,,405,85,105,85,40,50,40,5,FALSE,533,405,85.0,105.0,85,40.0,50.0,40,5.0,105.0,False
534,Conkeldurr,Fighting,,505,105,140,95,55,65,45,5,FALSE,534,505,105.0,140.0,95,55.0,65.0,45,5.0,140.0,False
535,Tympole,Water,,294,50,50,40,50,40,64,5,FALSE,535,294,50.0,50.0,40,50.0,40.0,64,5.0,50.0,False
536,Palpitoad,Water,Ground,384,75,65,55,65,55,69,5,FALSE,536,384,75.0,65.0,55,65.0,55.0,69,5.0,65.0,False
537,Seismitoad,Water,Ground,509,105,95,75,85,75,74,5,FALSE,537,509,105.0,95.0,75,85.0,75.0,74,5.0,95.0,False
538,Throh,Fighting,,465,120,100,85,30,85,45,5,FALSE,538,465,120.0,100.0,85,30.0,85.0,45,5.0,100.0,False
539,Sawk,Fighting,,465,75,125,75,30,75,85,5,FALSE,539,465,75.0,125.0,75,30.0,75.0,85,5.0,125.0,False
540,Sewaddle,Bug,Grass,310,45,53,70,40,60,42,5,FALSE,540,310,45.0,53.0,70,40.0,60.0,42,5.0,53.0,False
541,Swadloon,Bug,Grass,380,55,63,90,50,80,42,5,FALSE,541,380,55.0,63.0,90,50.0,80.0,42,5.0,63.0,False
542,Leavanny,Bug,Grass,500,75,103,80,70,80,92,5,FALSE,542,500,75.0,103.0,80,70.0,80.0,92,5.0,103.0,False
543,Venipede,Bug,Poison,260,30,45,59,30,39,57,5,FALSE,543,260,30.0,45.0,59,30.0,39.0,57,5.0,45.0,False
544,Whirlipede,Bug,Poison,360,40,55,99,40,79,47,5,FALSE,544,360,40.0,55.0,99,40.0,79.0,47,5.0,55.0,False
545,Scolipede,Bug,Poison,485,60,100,89,55,69,112,5,FALSE,545,485,60.0,100.0,89,55.0,69.0,112,5.0,100.0,False
546,Cottonee,Grass,Fairy,280,40,27,60,37,50,66,5,FALSE,546,280,40.0,27.0,60,37.0,50.0,66,5.0,27.0,False
547,Whimsicott,Grass,Fairy,480,60,67,85,77,75,116,5,FALSE,547,480,60.0,67.0,85,77.0,75.0,116,5.0,67.0,False
548,Petilil,Grass,,280,45,35,50,70,50,30,5,FALSE,548,280,45.0,35.0,50,70.0,50.0,30,5.0,35.0,False
549,Lilligant,Grass,,480,70,60,75,110,75,90,5,FALSE,549,480,70.0,60.0,75,110.0,75.0,90,5.0,60.0,False
550,Basculin,Water,,460,70,92,65,80,55,98,5,FALSE,550,460,70.0,92.0,65,80.0,55.0,98,5.0,92.0,False
551,Sandile,Ground,Dark,292,50,72,35,35,35,65,5,FALSE,551,292,50.0,72.0,35,35.0,35.0,65,5.0,72.0,False
552,Krokorok,Ground,Dark,351,60,82,45,45,45,74,5,FALSE,552,351,60.0,82.0,45,45.0,45.0,74,5.0,82.0,False
553,Krookodile,Ground,Dark,519,95,117,80,65,70,92,5,FALSE,553,519,95.0,117.0,80,65.0,70.0,92,5.0,117.0,False
554,Darumaka,Fire,,315,70,90,45,15,45,-50,5,FALSE,554,315,70.0,90.0,45,15.0,45.0,-50,5.0,90.0,False
555,DarmanitanStandard Mode,Fire,,480,105,140,55,30,55,95,5,FALSE,555,480,105.0,140.0,55,30.0,55.0,95,5.0,140.0,False
555,DarmanitanZen Mode,Fire,Psychic,540,105,30,105,140,105,55,5,FALSE,555,540,105.0,30.0,105,140.0,105.0,55,5.0,30.0,False
556,Maractus,Grass,,461,75,86,67,106,67,60,5,FALSE,556,461,75.0,86.0,67,106.0,67.0,60,5.0,86.0,False
557,Dwebble,Bug,Rock,325,50,65,85,35,35,55,5,FALSE,557,325,50.0,65.0,85,35.0,35.0,55,5.0,65.0,False
558,Crustle,Bug,Rock,475,70,95,125,65,75,45,5,FALSE,558,475,70.0,95.0,125,65.0,75.0,45,5.0,95.0,False
559,Scraggy,Dark,Fighting,348,50,75,70,35,70,48,5,FALSE,559,348,50.0,75.0,70,35.0,70.0,48,5.0,75.0,False
560,Scrafty,Dark,Fighting,488,65,90,115,45,115,58,5,FALSE,560,488,65.0,90.0,115,45.0,115.0,58,5.0,90.0,False
561,Sigilyph,Psychic,Flying,490,72,58,80,103,80,97,5,FALSE,561,490,72.0,58.0,80,103.0,80.0,97,5.0,58.0,False
562,Yamask,Ghost,,303,38,30,85,55,65,30,5,FALSE,562,303,38.0,30.0,85,55.0,65.0,30,5.0,30.0,False
563,Cofagrigus,Ghost,,483,58,50,145,95,105,30,5,FALSE,563,483,58.0,50.0,145,95.0,105.0,30,5.0,50.0,False
564,Tirtouga,Water,Rock,355,54,78,103,53,45,22,5,FALSE,564,355,54.0,78.0,103,53.0,45.0,22,5.0,78.0,False
565,Carracosta,Water,Rock,495,74,108,133,83,65,32,5,FALSE,565,495,74.0,108.0,133,83.0,65.0,32,5.0,108.0,False
566,Archen,Rock,Flying,401,55,112,45,74,45,70,5,FALSE,566,401,55.0,112.0,45,74.0,45.0,70,5.0,112.0,False
567,Archeops,Rock,Flying,567,75,140,65,112,65,110,5,FALSE,567,567,75.0,140.0,65,112.0,65.0,110,5.0,140.0,False
568,Trubbish,Poison,,329,50,50,62,40,62,65,5,FALSE,568,329,50.0,50.0,62,40.0,62.0,65,5.0,50.0,False
569,Garbodor,Poison,,474,80,95,82,60,82,75,5,FALSE,569,474,80.0,95.0,82,60.0,82.0,75,5.0,95.0,False
570,Zorua,Dark,,330,40,65,40,80,40,65,5,FALSE,570,330,40.0,65.0,40,80.0,40.0,65,5.0,65.0,False
571,Zoroark,Dark,,510,60,105,60,120,60,105,5,FALSE,571,510,60.0,105.0,60,120.0,60.0,105,5.0,105.0,False
572,Minccino,Normal,,300,55,50,40,40,40,75,5,FALSE,572,300,55.0,50.0,40,40.0,40.0,75,5.0,50.0,False
573,Cinccino,Normal,,470,75,95,60,65,60,115,5,FALSE,573,470,75.0,95.0,60,65.0,60.0,115,5.0,95.0,False
574,Gothita,Psychic,,290,45,30,50,55,65,45,5,FALSE,574,290,45.0,30.0,50,55.0,65.0,45,5.0,30.0,False
575,Gothorita,Psychic,,390,60,45,70,75,85,55,5,FALSE,575,390,60.0,45.0,70,75.0,85.0,55,5.0,45.0,False
576,Gothitelle,Psychic,,490,70,55,95,95,110,65,5,FALSE,576,490,70.0,55.0,95,95.0,110.0,65,5.0,55.0,False
577,Solosis,Psychic,,290,45,30,40,105,50,20,5,FALSE,577,290,45.0,30.0,40,105.0,50.0,20,5.0,30.0,False
578,Duosion,Psychic,,370,65,40,50,125,60,30,5,FALSE,578,370,65.0,40.0,50,125.0,60.0,30,5.0,40.0,False
579,Reuniclus,Psychic,,490,110,65,75,125,85,30,5,FALSE,579,490,110.0,65.0,75,125.0,85.0,30,5.0,65.0,False
580,Ducklett,Water,Flying,305,62,44,50,44,50,55,5,FALSE,580,305,62.0,44.0,50,44.0,50.0,55,5.0,44.0,False
581,Swanna,Water,Flying,473,75,87,63,87,63,98,5,FALSE,581,473,75.0,87.0,63,87.0,63.0,98,5.0,87.0,False
582,Vanillite,Ice,,305,36,50,50,65,60,44,5,FALSE,582,305,36.0,50.0,50,65.0,60.0,44,5.0,50.0,False
583,Vanillish,Ice,,395,51,65,65,80,75,59,5,FALSE,583,395,51.0,65.0,65,80.0,75.0,59,5.0,65.0,False
584,Vanilluxe,Ice,,535,71,95,85,110,95,79,5,FALSE,584,535,71.0,95.0,85,110.0,95.0,79,5.0,95.0,False
585,Deerling,Normal,Grass,335,60,60,50,40,50,75,5,FALSE,585,335,60.0,60.0,50,40.0,50.0,75,5.0,60.0,False
586,Sawsbuck,Normal,Grass,475,80,100,70,60,70,95,5,FALSE,586,475,80.0,100.0,70,60.0,70.0,95,5.0,100.0,False
587,Emolga,Electric,Flying,428,55,75,60,75,60,103,5,FALSE,587,428,55.0,75.0,60,75.0,60.0,103,5.0,75.0,False
588,Karrablast,Bug,,315,50,75,45,40,45,60,5,FALSE,588,315,50.0,75.0,45,40.0,45.0,60,5.0,75.0,False
589,Escavalier,Bug,Steel,495,70,135,105,60,105,20,5,FALSE,589,495,70.0,135.0,105,60.0,105.0,20,5.0,135.0,False
590,Foongus,Grass,Poison,294,69,55,45,55,55,15,5,FALSE,590,294,69.0,55.0,45,55.0,55.0,15,5.0,55.0,False
591,Amoonguss,Grass,Poison,464,114,85,70,85,80,30,5,FALSE,591,464,114.0,85.0,70,85.0,80.0,30,5.0,85.0,False
592,Frillish,Water,Ghost,335,55,40,50,65,85,40,5,FALSE,592,335,55.0,40.0,50,65.0,85.0,40,5.0,40.0,False
593,Jellicent,Water,Ghost,480,100,60,70,85,105,60,5,FALSE,593,480,100.0,60.0,70,85.0,105.0,60,5.0,60.0,False
594,Alomomola,Water,,470,165,75,80,40,45,65,5,FALSE,594,470,165.0,75.0,80,40.0,45.0,65,5.0,75.0,False
595,Joltik,Bug,Electric,319,50,47,50,57,50,65,5,FALSE,595,319,50.0,47.0,50,57.0,50.0,65,5.0,47.0,False
596,Galvantula,Bug,Electric,472,70,77,60,97,60,108,5,FALSE,596,472,70.0,77.0,60,97.0,60.0,108,5.0,77.0,False
597,Ferroseed,Grass,Steel,305,44,50,91,24,86,10,5,FALSE,597,305,44.0,50.0,91,24.0,86.0,10,5.0,50.0,False
598,Ferrothorn,Grass,Steel,489,74,94,131,54,116,20,5,FALSE,598,489,74.0,94.0,131,54.0,116.0,20,5.0,94.0,False
599,Klink,Steel,,300,40,55,70,45,60,30,5,FALSE,599,300,40.0,55.0,70,45.0,60.0,30,5.0,55.0,False
600,Klang,Steel,,440,60,80,95,70,85,50,5,FALSE,600,440,60.0,80.0,95,70.0,85.0,50,5.0,80.0,False
601,Klinklang,Steel,,520,60,100,115,70,85,90,5,FALSE,601,520,60.0,100.0,115,70.0,85.0,90,5.0,100.0,False
602,Tynamo,Electric,,275,35,55,40,45,40,60,5,FALSE,602,275,35.0,55.0,40,45.0,40.0,60,5.0,55.0,False
603,Eelektrik,Electric,,405,65,85,70,75,70,40,5,FALSE,603,405,65.0,85.0,70,75.0,70.0,40,5.0,85.0,False
604,Eelektross,Electric,,515,85,115,80,105,80,50,5,FALSE,604,515,85.0,115.0,80,105.0,80.0,50,5.0,115.0,False
605,Elgyem,Psychic,,335,55,55,55,85,55,30,5,FALSE,605,335,55.0,55.0,55,85.0,55.0,30,5.0,55.0,False
606,Beheeyem,Psychic,,485,75,75,75,125,95,40,5,FALSE,606,485,75.0,75.0,75,125.0,95.0,40,5.0,75.0,False
607,Litwick,Ghost,Fire,275,50,30,55,65,55,20,5,FALSE,607,275,50.0,30.0,55,65.0,55.0,20,5.0,30.0,False
608,Lampent,Ghost,Fire,370,60,40,60,95,60,55,5,FALSE,608,370,60.0,40.0,60,95.0,60.0,55,5.0,40.0,False
609,Chandelure,Ghost,Fire,520,60,55,90,145,90,80,5,FALSE,609,520,60.0,55.0,90,145.0,90.0,80,5.0,55.0,False
610,Axew,Dragon,,320,46,87,60,30,40,57,5,FALSE,610,320,46.0,87.0,60,30.0,40.0,57,5.0,87.0,False
611,Fraxure,Dragon,,410,66,117,70,40,50,67,5,FALSE,611,410,66.0,117.0,70,40.0,50.0,67,5.0,117.0,False
612,Haxorus,Dragon,,540,76,147,90,60,70,97,5,FALSE,612,540,76.0,147.0,90,60.0,70.0,97,5.0,147.0,False
613,Cubchoo,Ice,,305,55,70,40,60,40,40,5,FALSE,613,305,55.0,70.0,40,60.0,40.0,40,5.0,70.0,False
614,Beartic,Ice,,485,95,110,80,70,80,50,5,FALSE,614,485,95.0,110.0,80,70.0,80.0,50,5.0,110.0,False
615,Cryogonal,Ice,,485,70,50,30,95,135,105,5,FALSE,615,485,70.0,50.0,30,95.0,135.0,105,5.0,50.0,False
616,Shelmet,Bug,,305,50,40,85,40,65,25,5,FALSE,616,305,50.0,40.0,85,40.0,65.0,25,5.0,40.0,False
617,Accelgor,Bug,,495,80,70,40,100,60,145,5,FALSE,617,495,80.0,70.0,40,100.0,60.0,145,5.0,70.0,False
618,Stunfisk,Ground,Electric,471,109,66,84,81,99,32,5,FALSE,618,471,109.0,66.0,84,81.0,99.0,32,5.0,66.0,False
619,Mienfoo,Fighting,,350,45,85,50,55,50,65,5,FALSE,619,350,45.0,85.0,50,55.0,50.0,65,5.0,85.0,False
620,Mienshao,Fighting,,510,65,125,60,95,60,105,5,FALSE,620,510,65.0,125.0,60,95.0,60.0,105,5.0,125.0,False
621,Druddigon,Dragon,,485,77,120,90,60,90,48,5,FALSE,621,485,77.0,120.0,90,60.0,90.0,48,5.0,120.0,False
622,Golett,Ground,Ghost,303,59,74,50,35,50,35,5,FALSE,622,303,59.0,74.0,50,35.0,50.0,35,5.0,74.0,False
623,Golurk,Ground,Ghost,483,89,124,80,55,80,55,5,FALSE,623,483,89.0,124.0,80,55.0,80.0,55,5.0,124.0,False
624,Pawniard,Dark,Steel,340,45,85,70,40,40,60,5,FALSE,624,340,45.0,85.0,70,40.0,40.0,60,5.0,85.0,False
625,Bisharp,Dark,Steel,490,65,125,100,60,70,70,5,FALSE,625,490,65.0,125.0,100,60.0,70.0,70,5.0,125.0,False
626,Bouffalant,Normal,,490,95,110,95,40,95,55,5,FALSE,626,490,95.0,110.0,95,40.0,95.0,55,5.0,110.0,False
627,Rufflet,Normal,Flying,350,70,83,50,37,50,60,5,FALSE,627,350,70.0,83.0,50,37.0,50.0,60,5.0,83.0,False
628,Braviary,Normal,Flying,510,100,123,75,57,75,80,5,FALSE,628,510,100.0,123.0,75,57.0,75.0,80,5.0,123.0,False
629,Vullaby,Dark,Flying,370,70,55,75,45,65,60,5,FALSE,629,370,70.0,55.0,75,45.0,65.0,60,5.0,55.0,False
630,Mandibuzz,Dark,Flying,510,110,65,105,55,95,80,5,FALSE,630,510,110.0,65.0,105,55.0,95.0,80,5.0,65.0,False
631,Heatmor,Fire,,484,85,97,66,105,66,65,5,FALSE,631,484,85.0,97.0,66,105.0,66.0,65,5.0,97.0,False
632,Durant,Bug,Steel,484,58,109,112,48,48,109,5,FALSE,632,484,58.0,109.0,112,48.0,48.0,109,5.0,109.0,False
633,Deino,Dark,Dragon,300,52,65,50,45,50,38,5,FALSE,633,300,52.0,65.0,50,45.0,50.0,38,5.0,65.0,False
634,Zweilous,Dark,Dragon,420,72,85,70,65,70,58,5,FALSE,634,420,72.0,85.0,70,65.0,70.0,58,5.0,85.0,False
635,Hydreigon,Dark,Dragon,600,92,105,90,125,90,98,5,FALSE,635,600,92.0,105.0,90,125.0,90.0,98,5.0,105.0,False
636,Larvesta,Bug,Fire,360,55,85,55,50,55,60,5,FALSE,636,360,55.0,85.0,55,50.0,55.0,60,5.0,85.0,False
637,Volcarona,Bug,Fire,550,85,60,65,135,105,100,5,FALSE,637,550,85.0,60.0,65,135.0,105.0,100,5.0,60.0,False
638,Cobalion,Steel,Fighting,580,91,90,129,90,72,108,5,TRUE,638,580,91.0,90.0,129,90.0,72.0,108,5.0,90.0,True
639,Terrakion,Rock,Fighting,580,91,129,90,72,90,108,5,TRUE,639,580,91.0,129.0,90,72.0,90.0,108,5.0,129.0,True
640,Virizion,Grass,Fighting,580,91,90,72,90,129,108,5,TRUE,640,580,91.0,90.0,72,90.0,129.0,108,5.0,90.0,True
641,TornadusIncarnate Forme,Flying,,580,79,115,70,125,80,111,5,TRUE,641,580,79.0,115.0,70,125.0,80.0,111,5.0,115.0,True
641,TornadusTherian Forme,Flying,,580,79,100,80,110,90,121,5,TRUE,641,580,79.0,100.0,80,110.0,90.0,121,5.0,100.0,True
642,ThundurusIncarnate Forme,Electric,Flying,580,79,115,70,125,80,111,5,TRUE,642,580,79.0,115.0,70,125.0,80.0,111,5.0,115.0,True
642,ThundurusTherian Forme,Electric,Flying,580,79,105,70,145,80,101,5,TRUE,642,580,79.0,105.0,70,145.0,80.0,101,5.0,105.0,True
643,Reshiram,Dragon,Fire,680,100,120,100,150,120,90,5,TRUE,643,680,100.0,120.0,100,150.0,120.0,90,5.0,120.0,True
644,Zekrom,Dragon,Electric,680,100,150,120,120,100,90,5,TRUE,644,680,100.0,150.0,120,120.0,100.0,90,5.0,150.0,True
645,LandorusIncarnate Forme,Ground,Flying,600,89,125,90,115,80,101,5,TRUE,645,600,89.0,125.0,90,115.0,80.0,101,5.0,125.0,True
645,LandorusTherian Forme,Ground,Flying,600,89,145,90,105,80,91,5,TRUE,645,600,89.0,145.0,90,105.0,80.0,91,5.0,145.0,True
646,Kyurem,Dragon,Ice,660,125,130,90,130,90,95,5,TRUE,646,660,125.0,130.0,90,130.0,90.0,95,5.0,130.0,True
646,KyuremBlack Kyurem,Dragon,Ice,700,125,170,100,120,90,95,5,TRUE,646,700,125.0,170.0,100,120.0,90.0,95,5.0,170.0,True
646,KyuremWhite Kyurem,Dragon,Ice,700,125,120,90,170,100,95,5,TRUE,646,700,125.0,120.0,90,170.0,100.0,95,5.0,120.0,True
647,KeldeoOrdinary Forme,Water,Fighting,580,91,72,90,129,90,108,5,FALSE,647,580,91.0,72.0,90,129.0,90.0,108,5.0,72.0,False
647,KeldeoResolute Forme,Water,Fighting,580,91,72,90,129,90,108,5,FALSE,647,580,91.0,72.0,90,129.0,90.0,108,5.0,72.0,False
648,MeloettaAria Forme,Normal,Psychic,600,100,77,77,128,128,90,5,FALSE,648,600,100.0,77.0,77,128.0,128.0,90,5.0,77.0,False
648,MeloettaPirouette Forme,Normal,Fighting,600,100,128,90,77,77,128,5,FALSE,648,600,100.0,128.0,90,77.0,77.0,128,5.0,128.0,False
649,Genesect,Bug,Steel,600,71,120,95,120,95,99,5,FALSE,649,600,71.0,120.0,95,120.0,95.0,99,5.0,120.0,False
650,Chespin,Grass,,313,56,61,65,48,45,38,6,FALSE,650,313,56.0,61.0,65,48.0,45.0,38,6.0,61.0,False
651,Quilladin,Grass,,405,61,78,95,56,58,57,6,FALSE,651,405,61.0,78.0,95,56.0,58.0,57,6.0,78.0,False
652,Chesnaught,Grass,Fighting,530,88,107,122,74,75,64,6,FALSE,652,530,88.0,107.0,122,74.0,75.0,64,6.0,107.0,False
653,Fennekin,Fire,,307,40,45,40,62,60,60,6,FALSE,653,307,40.0,45.0,40,62.0,60.0,60,6.0,45.0,False
654,Braixen,Fire,,409,59,59,58,90,70,73,6,FALSE,654,409,59.0,59.0,58,90.0,70.0,73,6.0,59.0,False
655,Delphox,Fire,Psychic,534,75,69,72,114,100,104,6,FALSE,655,534,75.0,69.0,72,114.0,100.0,104,6.0,69.0,False
656,Froakie,Water,,314,41,56,40,62,44,71,6,FALSE,656,314,41.0,56.0,40,62.0,44.0,71,6.0,56.0,False
657,Frogadier,Water,,405,54,63,52,83,56,97,6,FALSE,657,405,54.0,63.0,52,83.0,56.0,97,6.0,63.0,False
658,Greninja,Water,Dark,530,72,95,67,103,71,122,6,FALSE,658,530,72.0,95.0,67,103.0,71.0,122,6.0,95.0,False
659,Bunnelby,Normal,,237,38,36,38,32,36,57,6,FALSE,659,237,38.0,36.0,38,32.0,36.0,57,6.0,36.0,False
660,Diggersby,Normal,Ground,423,85,56,77,50,77,78,6,FALSE,660,423,85.0,56.0,77,50.0,77.0,78,6.0,56.0,False
661,Fletchling,Normal,Flying,278,45,50,43,40,38,62,6,FALSE,661,278,45.0,50.0,43,40.0,38.0,62,6.0,50.0,False
662,Fletchinder,Fire,Flying,382,62,73,55,56,52,84,6,FALSE,662,382,62.0,73.0,55,56.0,52.0,84,6.0,73.0,False
663,Talonflame,Fire,Flying,499,78,81,71,74,69,126,6,FALSE,663,499,78.0,81.0,71,74.0,69.0,126,6.0,81.0,False
664,Scatterbug,Bug,,200,38,35,40,27,25,35,6,FALSE,664,200,38.0,35.0,40,27.0,25.0,35,6.0,35.0,False
665,Spewpa,Bug,,213,45,22,60,27,30,29,6,FALSE,665,213,45.0,22.0,60,27.0,30.0,29,6.0,22.0,False
666,Vivillon,Bug,Flying,411,80,52,50,90,50,89,6,FALSE,666,411,80.0,52.0,50,90.0,50.0,89,6.0,52.0,False
667,Litleo,Fire,Normal,369,62,50,58,73,54,72,6,FALSE,667,369,62.0,50.0,58,73.0,54.0,72,6.0,50.0,False
668,Pyroar,Fire,Normal,507,86,68,72,109,66,106,6,FALSE,668,507,86.0,68.0,72,109.0,66.0,106,6.0,68.0,False
669,FlabÃ©bÃ©,Fairy,,303,44,38,39,61,79,42,6,FALSE,669,303,44.0,38.0,39,61.0,79.0,42,6.0,38.0,False
670,Floette,Fairy,,371,54,45,47,75,98,52,6,FALSE,670,371,54.0,45.0,47,75.0,98.0,52,6.0,45.0,False
671,Florges,Fairy,,552,78,65,68,112,154,75,6,FALSE,671,552,78.0,65.0,68,112.0,154.0,75,6.0,65.0,False
672,Skiddo,Grass,,350,66,65,48,62,57,52,6,FALSE,672,350,66.0,65.0,48,62.0,57.0,52,6.0,65.0,False
673,Gogoat,Grass,,531,123,100,62,97,81,68,6,FALSE,673,531,123.0,100.0,62,97.0,81.0,68,6.0,100.0,False
674,Pancham,Fighting,,348,67,82,62,46,48,43,6,FALSE,674,348,67.0,82.0,62,46.0,48.0,43,6.0,82.0,False
675,Pangoro,Fighting,Dark,495,95,124,78,69,71,58,6,FALSE,675,495,95.0,124.0,78,69.0,71.0,58,6.0,124.0,False
676,Furfrou,Normal,,472,75,80,60,65,90,102,6,FALSE,676,472,75.0,80.0,60,65.0,90.0,102,6.0,80.0,False
677,Espurr,Psychic,,355,62,48,54,63,60,68,6,FALSE,677,355,62.0,48.0,54,63.0,60.0,68,6.0,48.0,False
678,MeowsticMale,Psychic,,466,74,48,76,83,81,104,6,FALSE,678,466,74.0,48.0,76,83.0,81.0,104,6.0,48.0,False
678,MeowsticFemale,Psychic,,466,74,48,76,83,81,104,6,FALSE,678,466,74.0,48.0,76,83.0,81.0,104,6.0,48.0,False
679,Honedge,Steel,Ghost,325,45,80,100,35,37,28,6,FALSE,679,325,45.0,80.0,100,35.0,37.0,28,6.0,80.0,False
680,Doublade,Steel,Ghost,448,59,110,150,45,49,35,6,FALSE,680,448,59.0,110.0,150,45.0,49.0,35,6.0,110.0,False
681,AegislashBlade Forme,Steel,Ghost,520,60,150,50,150,50,60,6,FALSE,681,520,60.0,150.0,50,150.0,50.0,60,6.0,150.0,False
681,AegislashShield Forme,Steel,Ghost,520,60,50,150,50,150,60,6,FALSE,681,520,60.0,50.0,150,50.0,150.0,60,6.0,50.0,False
682,Spritzee,Fairy,,341,78,52,60,63,65,23,6,FALSE,682,341,78.0,52.0,60,63.0,65.0,23,6.0,52.0,False
683,Aromatisse,Fairy,,462,101,72,72,99,89,29,6,FALSE,683,462,101.0,72.0,72,99.0,89.0,29,6.0,72.0,False
684,Swirlix,Fairy,,341,62,48,66,59,57,49,6,FALSE,684,341,62.0,48.0,66,59.0,57.0,49,6.0,48.0,False
685,Slurpuff,Fairy,,480,82,80,86,85,75,72,6,FALSE,685,480,82.0,80.0,86,85.0,75.0,72,6.0,80.0,False
686,Inkay,Dark,Psychic,288,53,54,53,37,46,45,6,FALSE,686,288,53.0,54.0,53,37.0,46.0,45,6.0,54.0,False
687,Malamar,Dark,Psychic,482,86,92,88,68,75,73,6,FALSE,687,482,86.0,92.0,88,68.0,75.0,73,6.0,92.0,False
688,Binacle,Rock,Water,306,42,52,67,39,56,50,6,FALSE,688,306,42.0,52.0,67,39.0,56.0,50,6.0,52.0,False
689,Barbaracle,Rock,Water,500,72,105,115,54,86,68,6,FALSE,689,500,72.0,105.0,115,54.0,86.0,68,6.0,105.0,False
690,Skrelp,Poison,Water,320,50,60,60,60.21,60,30,6,FALSE,690,320,50.0,60.0,60,60.21,60.0,30,6.0,60.0,False
691,Dragalge,Poison,Dragon,494,65,75,90,97,123,44,6,FALSE,691,494,65.0,75.0,90,97.0,123.0,44,6.0,75.0,False
692,Clauncher,Water,,330,50.1,53,62,58,63,44,6,FALSE,692,330,50.1,53.0,62,58.0,63.0,44,6.0,53.0,False
693,Clawitzer,Water,,500,71,73,88,120,89,59,6,FALSE,693,500,71.0,73.0,88,120.0,89.0,59,6.0,73.0,False
694,Helioptile,Electric,Normal,289,44,38,33,61,43,70,6,FALSE,694,289,44.0,38.0,33,61.0,43.0,70,6.0,38.0,False
695,Heliolisk,Electric,Normal,481,62,55,52,109,94,109,undefined,FALSE,695,481,62.0,55.0,52,109.0,94.0,109,,55.0,False
696,Tyrunt,Rock,Dragon,362,58,89,77,45,45,48,6,FALSE,696,362,58.0,89.0,77,45.0,45.0,48,6.0,89.0,False
697,Tyrantrum,Rock,Dragon,521,82,121,119,69,59,71,6,FALSE,697,521,82.0,121.0,119,69.0,59.0,71,6.0,121.0,False
698,Amaura,Rock,Ice,362,77,59,50,67,63,46,6,FALSE,698,362,77.0,59.0,50,67.0,63.0,46,6.0,59.0,False
699,Aurorus,Rock,Ice,521,123,77,72,99,92,58,6,FALSE,699,521,123.0,77.0,72,99.0,92.0,58,6.0,77.0,False
700,Sylveon,Fairy,,525,95,65,65,110,130,60,6,FALSE,700,525,95.0,65.0,65,110.0,130.0,60,6.0,65.0,False
701,Hawlucha,Fighting,Flying,500,78,92,75,74,63,118,6,FALSE,701,500,78.0,92.0,75,74.0,63.0,118,6.0,92.0,False
702,Dedenne,Electric,Fairy,431,67,58,57,81,67,101,6,FALSE,702,431,67.0,58.0,57,81.0,67.0,101,6.0,58.0,False
703,Carbink,Rock,Fairy,500,50,50,150,50,150,50,6,FALSE,703,500,50.0,50.0,150,50.0,150.0,50,6.0,50.0,False
704,Goomy,Dragon,,300,45,50,35,55,75,40,6,FALSE,704,300,45.0,50.0,35,55.0,75.0,40,6.0,50.0,False
705,Sliggoo,Dragon,,452,68,75,53,83,113,60,6,FALSE,705,452,68.0,75.0,53,83.0,113.0,60,6.0,75.0,False
706,Goodra,Dragon,,600,90,100,70,110,150,80,6,FALSE,706,600,90.0,100.0,70,110.0,150.0,80,6.0,100.0,False
707,Klefki,Steel,Fairy,470,57,80,91,80,87,75,6,FALSE,707,470,57.0,80.0,91,80.0,87.0,75,6.0,80.0,False
708,Phantump,Ghost,Grass,309,43,70,48,50,60,38,6,FALSE,708,309,43.0,70.0,48,50.0,60.0,38,6.0,70.0,False
709,Trevenant,Ghost,Grass,474,85,110,76,65,82,56,6,FALSE,709,474,85.0,110.0,76,65.0,82.0,56,6.0,110.0,False
710,PumpkabooAverage Size,Ghost,Grass,435,49,66,70,44,55,51,6,FALSE,710,435,49.0,66.0,70,44.0,55.0,51,6.0,66.0,False
710,PumpkabooSmall Size,Ghost,Grass,335,44,66,70,44,55,56,6,FALSE,710,335,44.0,66.0,70,44.0,55.0,56,6.0,66.0,False
710,PumpkabooLarge Size,Ghost,Grass,335,54,66,70,44,55,46,6,FALSE,710,335,54.0,66.0,70,44.0,55.0,46,6.0,66.0,False
710,PumpkabooSuper Size,Ghost,Grass,335,59,66,70,44,55,41,6,FALSE,710,335,59.0,66.0,70,44.0,55.0,41,6.0,66.0,False
711,GourgeistAverage Size,Ghost,Grass,494,65,90,122,58,75,84,6,FALSE,711,494,65.0,90.0,122,58.0,75.0,84,6.0,90.0,False
711,GourgeistSmall Size,Ghost,Grass,494,55,85,122,58,75,99,6,FALSE,711,494,55.0,85.0,122,58.0,75.0,99,6.0,85.0,False
711,GourgeistLarge Size,Ghost,Grass,494,75,95,122,58,75,69,6,FALSE,711,494,75.0,95.0,122,58.0,75.0,69,6.0,95.0,False
711,GourgeistSuper Size,Ghost,Grass,494,185,100,122,58,75,54,6,FALSE,711,494,185.0,100.0,122,58.0,75.0,54,6.0,100.0,False
712,Bergmite,Ice,,304,55,69,85,32,35,28,6,FALSE,712,304,55.0,69.0,85,32.0,35.0,28,6.0,69.0,False
713,Avalugg,Ice,,714,95,117,184,44,46,28,6,FALSE,713,714,95.0,117.0,184,44.0,46.0,28,6.0,117.0,False
714,Noibat,Flying,Dragon,245,40,30,35,45,40,55,6,FALSE,714,245,40.0,30.0,35,45.0,40.0,55,6.0,30.0,False
715,Noivern,Flying,Dragon,535,85,70,80,97,80,123,6,FALSE,715,535,85.0,70.0,80,97.0,80.0,123,6.0,70.0,False
716,Xerneas,Fairy,,680,126,131,95,131,98,99,6,TRUE,716,680,126.0,131.0,95,131.0,98.0,99,6.0,131.0,True
717,Yveltal,Dark,Flying,680,126,131,95,131,98,99,6,TRUE,717,680,126.0,131.0,95,131.0,98.0,99,6.0,131.0,True
718,Zygarde50% Forme,Dragon,Ground,600,108,100,121,81,95,95,6,TRUE,718,600,108.0,100.0,121,81.0,95.0,95,6.0,100.0,True
719,Diancie,Rock,Fairy,600,50,100,150,100,150,50,6,TRUE,719,600,50.0,100.0,150,100.0,150.0,50,6.0,100.0,True
719,DiancieMega Diancie,Rock,Fairy,700,50,160,110,160,110,110,6,TRUE,719,700,50.0,160.0,110,160.0,110.0,110,6.0,160.0,True
720,HoopaHoopa Confined,Psychic,Ghost,600,80,110,60,150,130,70,6,TRUE,720,600,80.0,110.0,60,150.0,130.0,70,6.0,110.0,True
720,HoopaHoopa Unbound,Psychic,Dark,680,80,160,60,170,130,80,6,TRUE,720,680,80.0,160.0,60,170.0,130.0,80,6.0,160.0,True
721,Volcanion,Fire,Water,600,80,110,120,130,90,70,6,TRUE,721,600,80.0,110.0,120,130.0,90.0,70,6.0,110.0,True
